studyName,"Date GMT",Island,Colony,Adults
PAL9192,1991-10-20,HUM,1.1,24
PAL9192,1991-10-20,HUM,1.2,23
PAL9192,1991-10-20,HUM,1.3,5
PAL9192,1991-10-20,HUM,2.1,94
PAL9192,1991-10-20,HUM,2.2,57
PAL9192,1991-10-23,HUM,1.1,45
PAL9192,1991-10-23,HUM,1.2,60
PAL9192,1991-10-23,HUM,1.3,14
PAL9192,1991-10-23,HUM,2.1,180
PAL9192,1991-10-23,HUM,2.2,100
PAL9192,1991-10-25,HUM,1.1,45
PAL9192,1991-10-25,HUM,1.2,71
PAL9192,1991-10-25,HUM,1.3,22
PAL9192,1991-10-25,HUM,2.1,212
PAL9192,1991-10-25,HUM,2.2,115
PAL9192,1991-10-27,HUM,1.1,54
PAL9192,1991-10-27,HUM,1.2,76
PAL9192,1991-10-27,HUM,1.3,28
PAL9192,1991-10-27,HUM,2.1,247
PAL9192,1991-10-27,HUM,2.2,130
PAL9192,1991-10-29,HUM,1.1,56
PAL9192,1991-10-29,HUM,1.2,81
PAL9192,1991-10-29,HUM,1.3,31
PAL9192,1991-10-29,HUM,2.1,279
PAL9192,1991-10-29,HUM,2.2,131
PAL9192,1991-11-05,HUM,1.1,68
PAL9192,1991-11-05,HUM,1.2,87
PAL9192,1991-11-05,HUM,1.3,41
PAL9192,1991-11-05,HUM,2.1,295
PAL9192,1991-11-05,HUM,2.2,141
PAL9192,1991-11-07,HUM,1.1,70
PAL9192,1991-11-07,HUM,1.2,90
PAL9192,1991-11-07,HUM,1.3,39
PAL9192,1991-11-07,HUM,2.1,297
PAL9192,1991-11-07,HUM,2.2,143
PAL9192,1991-12-03,HUM,1.1,0
PAL9192,1991-12-03,HUM,1.2,0
PAL9192,1991-12-03,HUM,1.3,0
PAL9192,1991-12-03,HUM,2.1,0
PAL9192,1991-12-03,HUM,2.2,0
PAL9192,1992-01-09,HUM,1.1,38
PAL9192,1992-01-09,HUM,1.2,21
PAL9192,1992-01-09,HUM,1.3,21
PAL9192,1992-01-09,HUM,2.1,158
PAL9192,1992-01-09,HUM,2.2,88
PAL9192,1992-01-11,HUM,1.1,36
PAL9192,1992-01-11,HUM,1.2,20
PAL9192,1992-01-11,HUM,1.3,20
PAL9192,1992-01-11,HUM,2.1,164
PAL9192,1992-01-11,HUM,2.2,89
PAL9192,1992-01-13,HUM,1.1,34
PAL9192,1992-01-13,HUM,1.2,18
PAL9192,1992-01-13,HUM,1.3,18
PAL9192,1992-01-13,HUM,2.1,178
PAL9192,1992-01-13,HUM,2.2,97
PAL9192,1992-01-15,HUM,1.1,93
PAL9192,1992-01-15,HUM,1.2,20
PAL9192,1992-01-15,HUM,1.3,20
PAL9192,1992-01-15,HUM,2.1,157
PAL9192,1992-01-15,HUM,2.2,75
PAL9192,1992-01-17,HUM,1.1,30
PAL9192,1992-01-17,HUM,1.2,19
PAL9192,1992-01-17,HUM,1.3,19
PAL9192,1992-01-17,HUM,2.1,153
PAL9192,1992-01-17,HUM,2.2,84
PAL9192,1992-01-19,HUM,1.1,34
PAL9192,1992-01-19,HUM,1.2,17
PAL9192,1992-01-19,HUM,1.3,17
PAL9192,1992-01-19,HUM,2.1,147
PAL9192,1992-01-19,HUM,2.2,74
PAL9192,1992-01-21,HUM,1.1,40
PAL9192,1992-01-21,HUM,1.2,19
PAL9192,1992-01-21,HUM,1.3,19
PAL9192,1992-01-21,HUM,2.1,182
PAL9192,1992-01-21,HUM,2.2,106
PAL9192,1992-01-24,HUM,1.1,17
PAL9192,1992-01-24,HUM,1.2,10
PAL9192,1992-01-24,HUM,1.3,10
PAL9192,1992-01-24,HUM,2.1,91
PAL9192,1992-01-24,HUM,2.2,59
PAL9192,1992-01-26,HUM,1.1,10
PAL9192,1992-01-26,HUM,1.2,7
PAL9192,1992-01-26,HUM,1.3,7
PAL9192,1992-01-26,HUM,2.1,86
PAL9192,1992-01-26,HUM,2.2,35
PAL9192,1992-01-28,HUM,1.1,5
PAL9192,1992-01-28,HUM,1.2,1
PAL9192,1992-01-28,HUM,1.3,1
PAL9192,1992-01-28,HUM,2.1,49
PAL9192,1992-01-28,HUM,2.2,20
PAL9192,1992-01-30,HUM,1.1,7
PAL9192,1992-01-30,HUM,1.2,5
PAL9192,1992-01-30,HUM,1.3,5
PAL9192,1992-01-30,HUM,2.1,49
PAL9192,1992-01-30,HUM,2.2,25
PAL9192,1992-02-03,HUM,1.1,3
PAL9192,1992-02-03,HUM,1.2,3
PAL9192,1992-02-03,HUM,1.3,1
PAL9192,1992-02-03,HUM,2.1,32
PAL9192,1992-02-03,HUM,2.2,26
PAL9192,1992-02-07,HUM,1.1,0
PAL9192,1992-02-07,HUM,1.2,0
PAL9192,1992-02-07,HUM,1.3,0
PAL9192,1992-02-07,HUM,2.1,12
PAL9192,1992-02-07,HUM,2.2,0
PAL9192,1992-02-09,HUM,1.1,0
PAL9192,1992-02-09,HUM,1.2,1
PAL9192,1992-02-09,HUM,1.3,0
PAL9192,1992-02-09,HUM,2.1,2
PAL9192,1992-02-09,HUM,2.2,1
PAL9192,1992-02-11,HUM,1.1,0
PAL9192,1992-02-11,HUM,1.2,0
PAL9192,1992-02-11,HUM,1.3,0
PAL9192,1992-02-11,HUM,2.1,0
PAL9192,1992-02-11,HUM,2.2,0
PAL9192,1992-02-13,HUM,1.1,0
PAL9192,1992-02-13,HUM,1.2,1
PAL9192,1992-02-13,HUM,1.3,0
PAL9192,1992-02-13,HUM,2.1,4
PAL9192,1992-02-13,HUM,2.2,1
PAL9192,1992-02-15,HUM,1.1,0
PAL9192,1992-02-15,HUM,1.2,0
PAL9192,1992-02-15,HUM,1.3,0
PAL9192,1992-02-15,HUM,2.1,1
PAL9192,1992-02-15,HUM,2.2,1
PAL9192,1992-02-17,HUM,1.1,0
PAL9192,1992-02-17,HUM,1.2,0
PAL9192,1992-02-17,HUM,1.3,0
PAL9192,1992-02-17,HUM,2.1,2
PAL9192,1992-02-17,HUM,2.2,6
PAL9192,1992-02-19,HUM,1.1,0
PAL9192,1992-02-19,HUM,1.2,0
PAL9192,1992-02-19,HUM,1.3,0
PAL9192,1992-02-19,HUM,2.1,1
PAL9192,1992-02-19,HUM,2.2,0
PAL9192,1992-02-21,HUM,1.1,0
PAL9192,1992-02-21,HUM,1.2,0
PAL9192,1992-02-21,HUM,1.3,0
PAL9192,1992-02-21,HUM,2.1,1
PAL9192,1992-02-21,HUM,2.2,0
PAL9293,1992-10-13,HUM,1.1,0
PAL9293,1992-10-13,HUM,1.2,4
PAL9293,1992-10-13,HUM,1.3,1
PAL9293,1992-10-13,HUM,2.0,3
PAL9293,1992-10-13,HUM,2.0,6
PAL9293,1992-10-15,HUM,1.1,0
PAL9293,1992-10-15,HUM,1.2,10
PAL9293,1992-10-15,HUM,1.3,0
PAL9293,1992-10-15,HUM,2.0,24
PAL9293,1992-10-15,HUM,2.0,35
PAL9293,1992-10-18,HUM,1.1,85
PAL9293,1992-10-18,HUM,1.2,21
PAL9293,1992-10-18,HUM,1.3,0
PAL9293,1992-10-18,HUM,2.0,85
PAL9293,1992-10-18,HUM,2.0,49
PAL9293,1992-10-19,HUM,1.1,27
PAL9293,1992-10-19,HUM,1.2,27
PAL9293,1992-10-19,HUM,1.3,4
PAL9293,1992-10-19,HUM,2.0,99
PAL9293,1992-10-19,HUM,2.0,55
PAL9293,1992-10-20,HUM,1.1,28
PAL9293,1992-10-20,HUM,1.2,36
PAL9293,1992-10-20,HUM,1.3,1
PAL9293,1992-10-20,HUM,2.0,127
PAL9293,1992-10-20,HUM,2.0,65
PAL9293,1992-10-22,HUM,1.1,41
PAL9293,1992-10-22,HUM,1.2,54
PAL9293,1992-10-22,HUM,1.3,3
PAL9293,1992-10-22,HUM,2.0,103
PAL9293,1992-10-22,HUM,2.0,177
PAL9293,1992-10-24,HUM,1.1,47
PAL9293,1992-10-24,HUM,1.2,68
PAL9293,1992-10-24,HUM,1.3,16
PAL9293,1992-10-24,HUM,2.0,211
PAL9293,1992-10-24,HUM,2.0,116
PAL9293,1992-10-25,HUM,1.1,51
PAL9293,1992-10-25,HUM,1.2,70
PAL9293,1992-10-25,HUM,1.3,16
PAL9293,1992-10-25,HUM,2.0,198
PAL9293,1992-10-25,HUM,2.0,123
PAL9293,1992-10-26,HUM,1.1,50
PAL9293,1992-10-26,HUM,1.2,73
PAL9293,1992-10-26,HUM,1.3,23
PAL9293,1992-10-26,HUM,2.0,126
PAL9293,1992-10-26,HUM,2.0,214
PAL9293,1992-10-27,HUM,1.1,55
PAL9293,1992-10-27,HUM,1.2,78
PAL9293,1992-10-27,HUM,1.3,25
PAL9293,1992-10-27,HUM,2.0,122
PAL9293,1992-10-27,HUM,2.0,222
PAL9293,1992-10-28,HUM,1.1,57
PAL9293,1992-10-28,HUM,1.2,78
PAL9293,1992-10-28,HUM,1.3,26
PAL9293,1992-10-28,HUM,2.0,130
PAL9293,1992-10-28,HUM,2.0,236
PAL9293,1992-10-29,HUM,1.1,61
PAL9293,1992-10-29,HUM,1.2,75
PAL9293,1992-10-29,HUM,1.3,26
PAL9293,1992-10-29,HUM,2.0,133
PAL9293,1992-10-29,HUM,2.0,237
PAL9293,1992-10-30,HUM,1.1,62
PAL9293,1992-10-30,HUM,1.2,78
PAL9293,1992-10-30,HUM,1.3,28
PAL9293,1992-10-30,HUM,2.0,133
PAL9293,1992-10-30,HUM,2.0,240
PAL9293,1992-11-04,HUM,1.1,60
PAL9293,1992-11-04,HUM,1.2,78
PAL9293,1992-11-04,HUM,1.3,27
PAL9293,1992-11-04,HUM,2.0,240
PAL9293,1992-11-04,HUM,2.0,130
PAL9293,1992-11-25,HUM,1.1,28
PAL9293,1992-11-25,HUM,1.2,37
PAL9293,1992-11-25,HUM,1.3,13
PAL9293,1992-11-25,HUM,2.0,133
PAL9293,1992-11-25,HUM,2.0,77
PAL9293,1992-12-04,HUM,1.1,24
PAL9293,1992-12-04,HUM,1.2,31
PAL9293,1992-12-04,HUM,1.3,12
PAL9293,1992-12-04,HUM,2.0,128
PAL9293,1992-12-04,HUM,2.0,70
PAL9293,1992-12-10,HUM,1.1,22
PAL9293,1992-12-10,HUM,1.2,30
PAL9293,1992-12-10,HUM,1.3,8
PAL9293,1992-12-10,HUM,2.0,75
PAL9293,1992-12-10,HUM,2.0,131
PAL9293,1992-12-16,HUM,1.1,20
PAL9293,1992-12-16,HUM,1.2,33
PAL9293,1992-12-16,HUM,1.3,11
PAL9293,1992-12-16,HUM,2.0,145
PAL9293,1992-12-16,HUM,2.0,87
PAL9293,1992-12-23,HUM,1.1,20
PAL9293,1992-12-23,HUM,1.2,28
PAL9293,1992-12-23,HUM,1.3,12
PAL9293,1992-12-23,HUM,2.0,81
PAL9293,1992-12-23,HUM,2.0,150
PAL9293,1992-12-30,HUM,1.1,34
PAL9293,1992-12-30,HUM,1.2,47
PAL9293,1992-12-30,HUM,1.3,11
PAL9293,1992-12-30,HUM,2.0,96
PAL9293,1992-12-30,HUM,2.0,164
PAL9293,1993-01-05,HUM,1.1,49
PAL9293,1993-01-05,HUM,1.2,63
PAL9293,1993-01-05,HUM,1.3,20
PAL9293,1993-01-05,HUM,2.0,170
PAL9293,1993-01-06,HUM,1.1,32
PAL9293,1993-01-06,HUM,1.2,58
PAL9293,1993-01-06,HUM,1.3,16
PAL9293,1993-01-06,HUM,2.0,185
PAL9293,1993-01-06,HUM,2.0,87
PAL9293,1993-01-13,HUM,1.1,38
PAL9293,1993-01-13,HUM,1.2,66
PAL9293,1993-01-13,HUM,1.3,23
PAL9293,1993-01-13,HUM,2.0,100
PAL9293,1993-01-13,HUM,2.0,161
PAL9293,1993-01-15,HUM,1.1,25
PAL9293,1993-01-15,HUM,1.2,42
PAL9293,1993-01-15,HUM,1.3,17
PAL9293,1993-01-15,HUM,2.0,149
PAL9293,1993-01-15,HUM,2.0,149
PAL9293,1993-01-18,HUM,1.1,29
PAL9293,1993-01-18,HUM,1.2,47
PAL9293,1993-01-18,HUM,1.3,15
PAL9293,1993-01-18,HUM,2.0,132
PAL9293,1993-01-18,HUM,2.0,47
PAL9293,1993-01-20,HUM,1.1,31
PAL9293,1993-01-20,HUM,1.2,44
PAL9293,1993-01-20,HUM,1.3,17
PAL9293,1993-01-20,HUM,2.0,72
PAL9293,1993-01-20,HUM,2.0,109
PAL9293,1993-01-22,HUM,1.1,30
PAL9293,1993-01-22,HUM,1.2,43
PAL9293,1993-01-22,HUM,1.3,19
PAL9293,1993-01-22,HUM,2.0,30
PAL9293,1993-01-22,HUM,2.0,71
PAL9293,1993-01-26,HUM,1.1,24
PAL9293,1993-01-26,HUM,1.2,20
PAL9293,1993-01-26,HUM,1.3,6
PAL9293,1993-01-26,HUM,2.0,60
PAL9293,1993-01-26,HUM,2.0,35
PAL9293,1993-02-03,HUM,1.1,16
PAL9293,1993-02-03,HUM,1.2,19
PAL9293,1993-02-03,HUM,1.3,11
PAL9293,1993-02-03,HUM,2.0,38
PAL9293,1993-02-03,HUM,2.0,14
PAL9293,1993-02-05,HUM,1.1,14
PAL9293,1993-02-05,HUM,1.2,12
PAL9293,1993-02-05,HUM,1.3,4
PAL9293,1993-02-05,HUM,2.0,6
PAL9293,1993-02-05,HUM,2.0,14
PAL9394,1993-10-15,HUM,1.1,0
PAL9394,1993-10-15,HUM,1.2,9
PAL9394,1993-10-15,HUM,1.3,9
PAL9394,1993-10-15,HUM,2.1,29
PAL9394,1993-10-15,HUM,2.2,12
PAL9394,1993-11-05,HUM,1.1,60
PAL9394,1993-11-05,HUM,1.2,104
PAL9394,1993-11-05,HUM,1.3,29
PAL9394,1993-11-05,HUM,2.1,268
PAL9394,1993-11-05,HUM,2.2,144
PAL9394,1993-11-09,HUM,1.1,65
PAL9394,1993-11-09,HUM,1.2,100
PAL9394,1993-11-09,HUM,1.3,34
PAL9394,1993-11-09,HUM,2.1,274
PAL9394,1993-11-09,HUM,2.2,151
PAL9394,1994-01-08,HUM,1.1,34
PAL9394,1994-01-08,HUM,1.2,15
PAL9394,1994-01-08,HUM,1.3,165
PAL9394,1994-01-08,HUM,4.0,165
PAL9394,1994-01-08,HUM,5.0,344
PAL9394,1994-01-09,HUM,2.1,137
PAL9394,1994-01-09,HUM,2.2,80
PAL9394,1994-01-16,HUM,1.1,44
PAL9394,1994-01-16,HUM,1.2,57
PAL9394,1994-01-16,HUM,1.3,15
PAL9394,1994-01-16,HUM,2.1,149
PAL9394,1994-01-16,HUM,2.2,82
PAL9394,1994-01-22,HUM,1.1,18
PAL9394,1994-01-22,HUM,1.2,35
PAL9394,1994-01-22,HUM,1.3,7
PAL9394,1994-01-22,HUM,2.1,73
PAL9394,1994-01-22,HUM,2.2,54
PAL9495,1994-11-10,HUM,1.1,55
PAL9495,1994-11-10,HUM,1.2,98
PAL9495,1994-11-10,HUM,1.3,28
PAL9495,1994-11-10,HUM,2.1,220
PAL9495,1994-11-10,HUM,2.2,127
PAL9495,1994-11-13,HUM,1.1,55
PAL9495,1994-11-13,HUM,1.2,92
PAL9495,1994-11-13,HUM,1.3,31
PAL9495,1994-11-13,HUM,2.1,257
PAL9495,1994-11-13,HUM,2.2,121
PAL9495,1994-11-14,HUM,1.1,52
PAL9495,1994-11-14,HUM,1.2,83
PAL9495,1994-11-14,HUM,1.3,28
PAL9495,1994-11-17,HUM,1.1,41
PAL9495,1994-11-17,HUM,1.2,81
PAL9495,1994-11-17,HUM,1.3,22
PAL9495,1994-11-17,HUM,2.1,199
PAL9495,1994-11-17,HUM,2.2,121
PAL9495,1994-11-20,HUM,1.1,28
PAL9495,1994-11-20,HUM,1.2,63
PAL9495,1994-11-20,HUM,1.3,14
PAL9495,1994-11-30,HUM,1.1,0
PAL9495,1994-11-30,HUM,1.2,0
PAL9495,1994-11-30,HUM,1.3,0
PAL9495,1994-11-30,HUM,2.1,0
PAL9495,1994-11-30,HUM,2.2,0
PAL9495,1994-12-16,HUM,1.1,22
PAL9495,1994-12-16,HUM,1.2,34
PAL9495,1994-12-16,HUM,1.3,8
PAL9495,1994-12-16,HUM,2.1,132
PAL9495,1994-12-16,HUM,2.2,68
PAL9495,1994-12-20,HUM,1.1,23
PAL9495,1994-12-20,HUM,1.2,35
PAL9495,1994-12-20,HUM,1.3,5
PAL9495,1994-12-21,HUM,2.1,143
PAL9495,1994-12-21,HUM,2.2,90
PAL9495,1994-12-25,HUM,1.1,12
PAL9495,1994-12-25,HUM,1.2,40
PAL9495,1994-12-25,HUM,1.3,5
PAL9495,1994-12-25,HUM,2.1,141
PAL9495,1994-12-25,HUM,2.2,77
PAL9495,1994-12-31,HUM,1.1,21
PAL9495,1994-12-31,HUM,1.2,48
PAL9495,1994-12-31,HUM,1.3,5
PAL9495,1994-12-31,HUM,2.1,149
PAL9495,1994-12-31,HUM,2.2,85
PAL9495,1995-01-04,HUM,1.1,28
PAL9495,1995-01-04,HUM,1.2,49
PAL9495,1995-01-04,HUM,1.3,9
PAL9495,1995-01-04,HUM,2.1,134
PAL9495,1995-01-04,HUM,2.2,76
PAL9495,1995-01-11,HUM,1.1,0
PAL9495,1995-01-11,HUM,1.2,0
PAL9495,1995-01-11,HUM,1.3,0
PAL9495,1995-01-11,HUM,2.2,0
PAL9495,1995-01-15,HUM,1.1,12
PAL9495,1995-01-15,HUM,1.2,15
PAL9495,1995-01-15,HUM,1.3,11
PAL9495,1995-01-15,HUM,2.1,0
PAL9495,1995-01-15,HUM,2.2,0
PAL9495,1995-01-20,HUM,1.1,3
PAL9495,1995-01-20,HUM,1.2,15
PAL9495,1995-01-20,HUM,1.3,1
PAL9495,1995-01-20,HUM,2.1,0
PAL9495,1995-01-20,HUM,2.2,0
PAL9495,1995-01-26,HUM,1.1,15
PAL9495,1995-01-31,HUM,1.1,18
PAL9596,1995-10-18,HUM,1.1,0
PAL9596,1995-10-18,HUM,1.2,1
PAL9596,1995-10-18,HUM,1.3,0
PAL9596,1995-10-18,HUM,2.1,13
PAL9596,1995-10-18,HUM,2.2,4
PAL9596,1995-10-19,HUM,1.1,0
PAL9596,1995-10-19,HUM,1.2,5
PAL9596,1995-10-19,HUM,1.3,1
PAL9596,1995-10-19,HUM,2.1,35
PAL9596,1995-10-19,HUM,2.2,16
PAL9596,1995-10-19,HUM,4.0,50
PAL9596,1995-10-19,HUM,5.0,81
PAL9596,1995-10-21,HUM,1.1,2
PAL9596,1995-10-21,HUM,1.2,9
PAL9596,1995-10-21,HUM,1.3,0
PAL9596,1995-10-21,HUM,2.1,66
PAL9596,1995-10-21,HUM,2.2,30
PAL9596,1995-10-21,HUM,4.0,93
PAL9596,1995-10-21,HUM,5.0,167
PAL9596,1995-10-23,HUM,1.1,5
PAL9596,1995-10-23,HUM,1.2,17
PAL9596,1995-10-23,HUM,1.3,0
PAL9596,1995-10-23,HUM,2.1,98
PAL9596,1995-10-23,HUM,2.2,39
PAL9596,1995-10-23,HUM,5.0,262
PAL9596,1995-10-25,HUM,1.1,11
PAL9596,1995-10-25,HUM,1.2,28
PAL9596,1995-10-25,HUM,1.3,1
PAL9596,1995-10-25,HUM,2.1,134
PAL9596,1995-10-25,HUM,2.2,70
PAL9596,1995-10-25,HUM,4.0,174
PAL9596,1995-10-25,HUM,5.0,346
PAL9596,1995-10-27,HUM,1.1,21
PAL9596,1995-10-27,HUM,1.2,42
PAL9596,1995-10-27,HUM,1.3,3
PAL9596,1995-10-27,HUM,2.1,164
PAL9596,1995-10-27,HUM,2.2,88
PAL9596,1995-10-27,HUM,4.0,210
PAL9596,1995-10-27,HUM,5.0,440
PAL9596,1995-10-29,HUM,1.1,24
PAL9596,1995-10-29,HUM,1.2,55
PAL9596,1995-10-29,HUM,1.3,6
PAL9596,1995-10-29,HUM,2.1,192
PAL9596,1995-10-29,HUM,2.2,102
PAL9596,1995-10-29,HUM,4.0,245
PAL9596,1995-10-29,HUM,5.0,480
PAL9596,1995-11-01,HUM,1.1,23
PAL9596,1995-11-01,HUM,1.2,64
PAL9596,1995-11-01,HUM,1.3,10
PAL9596,1995-11-01,HUM,2.1,239
PAL9596,1995-11-01,HUM,2.2,119
PAL9596,1995-11-01,HUM,4.0,265
PAL9596,1995-11-01,HUM,5.0,574
PAL9596,1995-11-03,HUM,1.1,25
PAL9596,1995-11-03,HUM,1.2,64
PAL9596,1995-11-03,HUM,1.3,9
PAL9596,1995-11-03,HUM,2.1,225
PAL9596,1995-11-03,HUM,2.2,123
PAL9596,1995-11-03,HUM,4.0,257
PAL9596,1995-11-03,HUM,5.0,566
PAL9596,1995-11-08,HUM,1.1,30
PAL9596,1995-11-08,HUM,1.2,64
PAL9596,1995-11-08,HUM,1.3,10
PAL9596,1995-11-08,HUM,2.1,239
PAL9596,1995-11-08,HUM,2.2,116
PAL9596,1995-11-08,HUM,4.0,263
PAL9596,1995-11-08,HUM,5.0,585
PAL9596,1995-11-10,HUM,1.1,28
PAL9596,1995-11-10,HUM,1.2,64
PAL9596,1995-11-10,HUM,1.3,10
PAL9596,1995-11-10,HUM,2.1,234
PAL9596,1995-11-10,HUM,2.2,125
PAL9596,1995-11-10,HUM,4.0,266
PAL9596,1995-11-10,HUM,5.0,553
PAL9596,1995-11-13,HUM,1.1,26
PAL9596,1995-11-13,HUM,1.2,63
PAL9596,1995-11-13,HUM,1.3,11
PAL9596,1995-11-13,HUM,2.1,206
PAL9596,1995-11-13,HUM,2.2,116
PAL9596,1995-11-13,HUM,4.0,249
PAL9596,1995-11-13,HUM,5.0,561
PAL9596,1995-11-19,HUM,1.1,17
PAL9596,1995-11-19,HUM,1.2,38
PAL9596,1995-11-19,HUM,1.3,4
PAL9596,1995-11-19,HUM,2.1,155
PAL9596,1995-11-19,HUM,4.0,186
PAL9596,1995-11-19,HUM,5.0,362
PAL9596,1995-11-21,HUM,1.1,19
PAL9596,1995-11-21,HUM,1.2,34
PAL9596,1995-11-21,HUM,1.3,5
PAL9596,1995-11-21,HUM,2.1,133
PAL9596,1995-11-21,HUM,2.2,41
PAL9596,1995-11-21,HUM,4.0,160
PAL9596,1995-11-21,HUM,5.0,345
PAL9596,1995-11-28,HUM,1.1,7
PAL9596,1995-11-28,HUM,1.2,26
PAL9596,1995-11-28,HUM,1.3,5
PAL9596,1995-11-28,HUM,2.1,121
PAL9596,1995-11-28,HUM,2.2,69
PAL9596,1995-11-28,HUM,4.0,156
PAL9596,1995-11-28,HUM,5.0,333
PAL9596,1995-12-03,HUM,1.1,7
PAL9596,1995-12-03,HUM,1.2,27
PAL9596,1995-12-03,HUM,1.3,4
PAL9596,1995-12-03,HUM,2.1,126
PAL9596,1995-12-03,HUM,2.2,67
PAL9596,1995-12-03,HUM,4.0,145
PAL9596,1995-12-03,HUM,5.0,321
PAL9596,1995-12-08,HUM,1.1,7
PAL9596,1995-12-08,HUM,1.2,26
PAL9596,1995-12-08,HUM,1.3,4
PAL9596,1995-12-08,HUM,2.1,123
PAL9596,1995-12-08,HUM,2.2,63
PAL9596,1995-12-08,HUM,4.0,142
PAL9596,1995-12-08,HUM,5.0,328
PAL9596,1995-12-13,HUM,1.1,5
PAL9596,1995-12-13,HUM,1.2,28
PAL9596,1995-12-13,HUM,1.3,4
PAL9596,1995-12-13,HUM,4.0,152
PAL9596,1995-12-13,HUM,5.0,346
PAL9596,1995-12-26,HUM,1.1,6
PAL9596,1995-12-26,HUM,1.2,28
PAL9596,1995-12-26,HUM,1.3,4
PAL9596,1995-12-26,HUM,2.1,138
PAL9596,1995-12-26,HUM,2.2,75
PAL9596,1995-12-26,HUM,4.0,170
PAL9596,1995-12-26,HUM,5.0,374
PAL9596,1995-12-29,HUM,1.1,14
PAL9596,1995-12-29,HUM,1.2,28
PAL9596,1995-12-29,HUM,1.3,5
PAL9596,1995-12-29,HUM,2.1,153
PAL9596,1995-12-29,HUM,2.2,79
PAL9596,1995-12-29,HUM,4.0,165
PAL9596,1995-12-29,HUM,5.0,329
PAL9596,1996-01-03,HUM,1.1,10
PAL9596,1996-01-03,HUM,1.2,37
PAL9596,1996-01-03,HUM,1.3,4
PAL9596,1996-01-03,HUM,2.1,168
PAL9596,1996-01-03,HUM,2.2,139
PAL9596,1996-01-03,HUM,4.0,159
PAL9596,1996-01-03,HUM,5.0,335
PAL9596,1996-01-08,HUM,1.1,0
PAL9596,1996-01-08,HUM,1.2,0
PAL9596,1996-01-08,HUM,1.3,0
PAL9596,1996-01-08,HUM,2.1,115
PAL9596,1996-01-08,HUM,2.2,75
PAL9596,1996-01-08,HUM,4.0,165
PAL9596,1996-01-08,HUM,5.0,0
PAL9596,1996-01-13,HUM,1.1,4
PAL9596,1996-01-13,HUM,1.2,30
PAL9596,1996-01-13,HUM,1.3,2
PAL9596,1996-01-13,HUM,2.1,90
PAL9596,1996-01-13,HUM,2.2,50
PAL9596,1996-01-13,HUM,4.0,128
PAL9596,1996-01-13,HUM,5.0,61
PAL9596,1996-01-18,HUM,1.1,5
PAL9596,1996-01-18,HUM,1.2,6
PAL9596,1996-01-18,HUM,1.3,0
PAL9596,1996-01-18,HUM,2.1,15
PAL9596,1996-01-18,HUM,2.2,11
PAL9596,1996-01-18,HUM,4.0,56
PAL9596,1996-01-18,HUM,5.0,75
PAL9596,1996-01-23,HUM,1.1,0
PAL9596,1996-01-23,HUM,1.2,9
PAL9596,1996-01-23,HUM,1.3,0
PAL9596,1996-01-23,HUM,2.1,16
PAL9596,1996-01-23,HUM,2.2,10
PAL9596,1996-01-23,HUM,4.0,35
PAL9596,1996-01-23,HUM,5.0,40
PAL9596,1996-01-29,HUM,1.1,0
PAL9596,1996-01-29,HUM,1.2,2
PAL9596,1996-01-29,HUM,1.3,0
PAL9596,1996-01-29,HUM,2.1,0
PAL9596,1996-01-29,HUM,2.2,0
PAL9596,1996-01-29,HUM,4.0,3
PAL9596,1996-01-29,HUM,5.0,9
PAL9596,1996-02-05,HUM,1.1,0
PAL9596,1996-02-05,HUM,1.2,2
PAL9596,1996-02-05,HUM,1.3,0
PAL9596,1996-02-05,HUM,4.0,0
PAL9596,1996-02-05,HUM,5.0,0
PAL9697,1996-10-16,HUM,1.1,0
PAL9697,1996-10-16,HUM,1.2,0
PAL9697,1996-10-16,HUM,1.3,0
PAL9697,1996-10-16,HUM,2.1,2
PAL9697,1996-10-16,HUM,2.2,0
PAL9697,1996-10-16,HUM,4.0,1
PAL9697,1996-10-16,HUM,5.0,11
PAL9697,1996-10-16,HUM,5.0,11
PAL9697,1996-10-18,HUM,1.1,0
PAL9697,1996-10-18,HUM,1.2,0
PAL9697,1996-10-18,HUM,1.3,0
PAL9697,1996-10-18,HUM,2.1,16
PAL9697,1996-10-18,HUM,2.2,8
PAL9697,1996-10-18,HUM,4.0,22
PAL9697,1996-10-18,HUM,5.0,45
PAL9697,1996-10-22,HUM,1.1,0
PAL9697,1996-10-22,HUM,1.2,8
PAL9697,1996-10-22,HUM,1.3,0
PAL9697,1996-10-22,HUM,2.1,66
PAL9697,1996-10-22,HUM,2.2,26
PAL9697,1996-10-22,HUM,4.0,94
PAL9697,1996-10-22,HUM,5.0,160
PAL9697,1996-10-30,HUM,1.1,10
PAL9697,1996-10-31,HUM,1.2,42
PAL9697,1996-10-31,HUM,1.3,4
PAL9697,1996-10-31,HUM,2.1,184
PAL9697,1996-10-31,HUM,2.2,90
PAL9697,1996-10-31,HUM,4.0,223
PAL9697,1996-10-31,HUM,5.0,423
PAL9697,1996-11-03,HUM,1.1,6
PAL9697,1996-11-03,HUM,1.2,42
PAL9697,1996-11-03,HUM,1.3,6
PAL9697,1996-11-03,HUM,2.1,191
PAL9697,1996-11-03,HUM,2.2,101
PAL9697,1996-11-03,HUM,4.0,223
PAL9697,1996-11-03,HUM,5.0,446
PAL9697,1996-11-05,HUM,1.1,9
PAL9697,1996-11-05,HUM,1.2,42
PAL9697,1996-11-05,HUM,1.3,6
PAL9697,1996-11-05,HUM,2.1,197
PAL9697,1996-11-05,HUM,2.2,98
PAL9697,1996-11-05,HUM,4.0,216
PAL9697,1996-11-05,HUM,5.0,417
PAL9697,1996-11-07,HUM,1.1,8
PAL9697,1996-11-07,HUM,1.2,45
PAL9697,1996-11-07,HUM,1.3,6
PAL9697,1996-11-07,HUM,2.1,202
PAL9697,1996-11-07,HUM,2.2,100
PAL9697,1996-11-07,HUM,4.0,225
PAL9697,1996-11-07,HUM,5.0,474
PAL9697,1996-11-10,HUM,1.1,8
PAL9697,1996-11-10,HUM,1.2,43
PAL9697,1996-11-10,HUM,1.3,8
PAL9697,1996-11-10,HUM,2.1,205
PAL9697,1996-11-10,HUM,2.2,103
PAL9697,1996-11-10,HUM,4.0,233
PAL9697,1996-11-10,HUM,5.0,480
PAL9697,1996-11-12,HUM,1.1,10
PAL9697,1996-11-12,HUM,1.2,44
PAL9697,1996-11-12,HUM,1.3,12
PAL9697,1996-11-12,HUM,2.1,195
PAL9697,1996-11-12,HUM,2.2,93
PAL9697,1996-11-12,HUM,4.0,225
PAL9697,1996-11-12,HUM,5.0,489
PAL9697,1996-11-14,HUM,1.1,8
PAL9697,1996-11-14,HUM,1.2,42
PAL9697,1996-11-14,HUM,1.3,9
PAL9697,1996-11-14,HUM,2.1,182
PAL9697,1996-11-14,HUM,2.2,88
PAL9697,1996-11-14,HUM,4.0,212
PAL9697,1996-11-14,HUM,5.0,457
PAL9697,1996-11-16,HUM,1.1,4
PAL9697,1996-11-16,HUM,1.2,36
PAL9697,1996-11-16,HUM,1.3,6
PAL9697,1996-11-16,HUM,2.1,152
PAL9697,1996-11-16,HUM,2.2,79
PAL9697,1996-11-16,HUM,4.0,189
PAL9697,1996-11-16,HUM,5.0,409
PAL9697,1996-11-19,HUM,1.1,5
PAL9697,1996-11-19,HUM,1.2,26
PAL9697,1996-11-19,HUM,1.3,5
PAL9697,1996-11-19,HUM,2.1,126
PAL9697,1996-11-19,HUM,2.2,66
PAL9697,1996-11-19,HUM,4.0,154
PAL9697,1996-11-19,HUM,5.0,299
PAL9697,1996-11-24,HUM,1.1,0
PAL9697,1996-11-24,HUM,1.2,19
PAL9697,1996-11-24,HUM,1.3,4
PAL9697,1996-11-24,HUM,2.1,143
PAL9697,1996-11-24,HUM,2.2,57
PAL9697,1996-11-24,HUM,4.0,132
PAL9697,1996-11-24,HUM,5.0,332
PAL9697,1996-11-29,HUM,1.2,14
PAL9697,1996-11-29,HUM,1.3,5
PAL9697,1996-11-29,HUM,2.1,104
PAL9697,1996-11-29,HUM,2.2,55
PAL9697,1996-11-29,HUM,4.0,113
PAL9697,1996-11-29,HUM,5.0,257
PAL9697,1996-12-04,HUM,1.1,0
PAL9697,1996-12-04,HUM,1.2,8
PAL9697,1996-12-04,HUM,1.3,3
PAL9697,1996-12-04,HUM,2.1,101
PAL9697,1996-12-04,HUM,2.2,58
PAL9697,1996-12-04,HUM,4.0,124
PAL9697,1996-12-04,HUM,5.0,258
PAL9697,1996-12-09,HUM,1.1,0
PAL9697,1996-12-09,HUM,1.2,7
PAL9697,1996-12-09,HUM,1.3,3
PAL9697,1996-12-09,HUM,2.1,110
PAL9697,1996-12-09,HUM,2.2,62
PAL9697,1996-12-09,HUM,4.0,136
PAL9697,1996-12-09,HUM,5.0,282
PAL9697,1996-12-14,HUM,1.1,0
PAL9697,1996-12-14,HUM,1.2,6
PAL9697,1996-12-14,HUM,1.3,2
PAL9697,1996-12-14,HUM,2.1,100
PAL9697,1996-12-14,HUM,2.2,69
PAL9697,1996-12-14,HUM,4.0,123
PAL9697,1996-12-14,HUM,5.0,294
PAL9697,1996-12-19,HUM,1.1,0
PAL9697,1996-12-19,HUM,1.2,6
PAL9697,1996-12-19,HUM,1.3,1
PAL9697,1996-12-19,HUM,2.1,132
PAL9697,1996-12-19,HUM,2.2,65
PAL9697,1996-12-19,HUM,4.0,119
PAL9697,1996-12-19,HUM,5.0,349
PAL9697,1996-12-25,HUM,1.1,0
PAL9697,1996-12-25,HUM,1.2,5
PAL9697,1996-12-25,HUM,1.3,0
PAL9697,1996-12-25,HUM,2.1,132
PAL9697,1996-12-25,HUM,2.2,70
PAL9697,1996-12-25,HUM,4.0,147
PAL9697,1996-12-25,HUM,5.0,279
PAL9697,1996-12-30,HUM,1.1,0
PAL9697,1996-12-30,HUM,1.2,9
PAL9697,1996-12-30,HUM,1.3,0
PAL9697,1996-12-30,HUM,2.1,139
PAL9697,1996-12-30,HUM,2.2,63
PAL9697,1996-12-30,HUM,4.0,147
PAL9697,1996-12-30,HUM,5.0,329
PAL9697,1997-01-04,HUM,1.1,0
PAL9697,1997-01-04,HUM,1.2,9
PAL9697,1997-01-04,HUM,1.3,0
PAL9697,1997-01-04,HUM,2.1,136
PAL9697,1997-01-04,HUM,2.2,60
PAL9697,1997-01-04,HUM,4.0,127
PAL9697,1997-01-04,HUM,5.0,342
PAL9697,1997-01-09,HUM,1.1,0
PAL9697,1997-01-09,HUM,1.2,12
PAL9697,1997-01-09,HUM,1.3,0
PAL9697,1997-01-09,HUM,2.1,134
PAL9697,1997-01-09,HUM,2.2,63
PAL9697,1997-01-09,HUM,4.0,193
PAL9697,1997-01-09,HUM,5.0,311
PAL9697,1997-01-15,HUM,1.2,9
PAL9697,1997-01-15,HUM,2.1,120
PAL9697,1997-01-15,HUM,2.2,70
PAL9697,1997-01-15,HUM,4.0,144
PAL9697,1997-01-15,HUM,5.0,308
PAL9697,1997-01-20,HUM,1.1,0
PAL9697,1997-01-20,HUM,1.2,4
PAL9697,1997-01-20,HUM,1.3,0
PAL9697,1997-01-20,HUM,2.1,97
PAL9697,1997-01-20,HUM,2.2,39
PAL9697,1997-01-20,HUM,4.0,134
PAL9697,1997-01-20,HUM,5.0,252
PAL9697,1997-01-30,HUM,1.1,0
PAL9697,1997-01-30,HUM,1.2,0
PAL9697,1997-01-30,HUM,1.3,0
PAL9697,1997-01-30,HUM,2.1,0
PAL9697,1997-01-30,HUM,2.2,0
PAL9697,1997-01-30,HUM,4.0,24
PAL9697,1997-01-30,HUM,5.0,29
PAL9697,1997-02-04,HUM,1.1,0
PAL9697,1997-02-04,HUM,1.2,0
PAL9697,1997-02-04,HUM,1.3,0
PAL9697,1997-02-04,HUM,2.1,0
PAL9697,1997-02-04,HUM,2.2,0
PAL9697,1997-02-04,HUM,4.0,7
PAL9697,1997-02-04,HUM,5.0,25
PAL9798,1997-10-09,HUM,1.1,0
PAL9798,1997-10-09,HUM,1.2,0
PAL9798,1997-10-09,HUM,1.3,0
PAL9798,1997-10-09,HUM,2.1,4
PAL9798,1997-10-09,HUM,2.2,1
PAL9798,1997-10-09,HUM,4.0,8
PAL9798,1997-10-09,HUM,5.0,22
PAL9798,1997-10-12,HUM,1.1,0
PAL9798,1997-10-12,HUM,1.2,0
PAL9798,1997-10-12,HUM,1.3,0
PAL9798,1997-10-12,HUM,2.1,34
PAL9798,1997-10-12,HUM,2.2,20
PAL9798,1997-10-12,HUM,4.0,33
PAL9798,1997-10-12,HUM,5.0,98
PAL9798,1997-10-21,HUM,1.1,0
PAL9798,1997-10-21,HUM,1.2,16
PAL9798,1997-10-21,HUM,1.3,0
PAL9798,1997-10-21,HUM,2.1,169
PAL9798,1997-10-21,HUM,2.2,92
PAL9798,1997-10-21,HUM,4.0,179
PAL9798,1997-10-21,HUM,5.0,347
PAL9798,1997-11-19,HUM,1.1,12
PAL9798,1997-11-19,HUM,1.2,38
PAL9798,1997-11-19,HUM,1.3,0
PAL9798,1997-11-19,HUM,2.1,192
PAL9798,1997-11-19,HUM,2.2,88
PAL9798,1997-11-19,HUM,4.0,218
PAL9798,1997-11-19,HUM,5.0,452
PAL9798,1997-11-21,HUM,1.1,4
PAL9798,1997-11-21,HUM,1.2,29
PAL9798,1997-11-21,HUM,1.3,0
PAL9798,1997-11-21,HUM,2.1,196
PAL9798,1997-11-21,HUM,2.2,91
PAL9798,1997-11-21,HUM,4.0,175
PAL9798,1997-11-21,HUM,5.0,406
PAL9798,1997-11-26,HUM,1.1,3
PAL9798,1997-11-26,HUM,1.2,18
PAL9798,1997-11-26,HUM,1.3,0
PAL9798,1997-11-26,HUM,2.1,146
PAL9798,1997-11-26,HUM,2.2,59
PAL9798,1997-11-26,HUM,4.0,138
PAL9798,1997-11-26,HUM,5.0,288
PAL9798,1997-11-28,HUM,1.1,3
PAL9798,1997-11-28,HUM,1.2,18
PAL9798,1997-11-28,HUM,2.1,136
PAL9798,1997-11-28,HUM,2.2,60
PAL9798,1997-11-28,HUM,4.0,131
PAL9798,1997-11-28,HUM,5.0,289
PAL9798,1997-11-30,HUM,1.1,3
PAL9798,1997-11-30,HUM,1.2,14
PAL9798,1997-11-30,HUM,1.3,0
PAL9798,1997-11-30,HUM,2.1,130
PAL9798,1997-11-30,HUM,2.2,55
PAL9798,1997-11-30,HUM,4.0,125
PAL9798,1997-11-30,HUM,5.0,257
PAL9798,1997-12-02,HUM,1.1,0
PAL9798,1997-12-02,HUM,1.2,13
PAL9798,1997-12-02,HUM,2.1,117
PAL9798,1997-12-02,HUM,2.2,56
PAL9798,1997-12-02,HUM,4.0,117
PAL9798,1997-12-02,HUM,5.0,278
PAL9798,1997-12-04,HUM,1.2,10
PAL9798,1997-12-04,HUM,2.1,122
PAL9798,1997-12-04,HUM,2.2,55
PAL9798,1997-12-04,HUM,4.0,120
PAL9798,1997-12-04,HUM,5.0,265
PAL9798,1997-12-06,HUM,1.1,0
PAL9798,1997-12-06,HUM,1.2,6
PAL9798,1997-12-06,HUM,2.1,123
PAL9798,1997-12-06,HUM,2.2,55
PAL9798,1997-12-06,HUM,4.0,116
PAL9798,1997-12-06,HUM,5.0,255
PAL9798,1997-12-08,HUM,1.1,0
PAL9798,1997-12-08,HUM,1.2,5
PAL9798,1997-12-08,HUM,1.3,0
PAL9798,1997-12-08,HUM,2.1,119
PAL9798,1997-12-08,HUM,2.2,51
PAL9798,1997-12-08,HUM,4.0,119
PAL9798,1997-12-08,HUM,5.0,258
PAL9798,1997-12-10,HUM,1.1,0
PAL9798,1997-12-10,HUM,1.2,3
PAL9798,1997-12-10,HUM,1.3,0
PAL9798,1997-12-10,HUM,2.1,119
PAL9798,1997-12-10,HUM,2.2,57
PAL9798,1997-12-10,HUM,4.0,124
PAL9798,1997-12-10,HUM,5.0,240
PAL9798,1997-12-12,HUM,1.1,0
PAL9798,1997-12-12,HUM,1.2,1
PAL9798,1997-12-12,HUM,1.3,0
PAL9798,1997-12-12,HUM,2.1,115
PAL9798,1997-12-12,HUM,2.2,62
PAL9798,1997-12-12,HUM,4.0,115
PAL9798,1997-12-12,HUM,5.0,257
PAL9798,1997-12-17,HUM,1.1,0
PAL9798,1997-12-17,HUM,1.2,0
PAL9798,1997-12-17,HUM,1.3,0
PAL9798,1997-12-17,HUM,2.1,140
PAL9798,1997-12-17,HUM,2.2,62
PAL9798,1997-12-17,HUM,4.0,123
PAL9798,1997-12-17,HUM,5.0,269
PAL9798,1997-12-22,HUM,2.1,145
PAL9798,1997-12-22,HUM,2.2,67
PAL9798,1997-12-22,HUM,4.0,134
PAL9798,1997-12-22,HUM,5.0,290
PAL9798,1997-12-27,HUM,2.1,155
PAL9798,1997-12-27,HUM,2.2,78
PAL9798,1997-12-27,HUM,4.0,145
PAL9798,1997-12-27,HUM,5.0,346
PAL9798,1998-01-01,HUM,2.1,158
PAL9798,1998-01-01,HUM,2.2,66
PAL9798,1998-01-01,HUM,4.0,128
PAL9798,1998-01-01,HUM,5.0,300
PAL9798,1998-01-06,HUM,1.1,0
PAL9798,1998-01-06,HUM,1.2,0
PAL9798,1998-01-06,HUM,1.3,0
PAL9798,1998-01-06,HUM,2.1,146
PAL9798,1998-01-06,HUM,2.2,73
PAL9798,1998-01-06,HUM,4.0,131
PAL9798,1998-01-06,HUM,5.0,293
PAL9798,1998-01-11,HUM,2.1,143
PAL9798,1998-01-11,HUM,2.2,76
PAL9798,1998-01-11,HUM,4.0,144
PAL9798,1998-01-11,HUM,5.0,329
PAL9798,1998-01-16,HUM,2.1,0
PAL9798,1998-01-16,HUM,2.2,0
PAL9798,1998-01-16,HUM,4.0,0
PAL9798,1998-01-16,HUM,5.0,288
PAL9798,1998-01-21,HUM,2.1,96
PAL9798,1998-01-21,HUM,2.2,58
PAL9798,1998-01-21,HUM,4.0,109
PAL9798,1998-01-21,HUM,5.0,220
PAL9798,1998-01-28,HUM,2.2,28
PAL9798,1998-01-28,HUM,4.0,79
PAL9798,1998-01-28,HUM,5.0,160
PAL9798,1998-02-02,HUM,2.2,26
PAL9798,1998-02-02,HUM,4.0,48
PAL9798,1998-02-02,HUM,5.0,90
PAL9798,1998-02-07,HUM,2.1,13
PAL9798,1998-02-07,HUM,2.2,2
PAL9798,1998-02-07,HUM,4.0,12
PAL9798,1998-02-07,HUM,5.0,29
PAL9899,1998-10-06,HUM,1.1,0
PAL9899,1998-10-06,HUM,1.2,0
PAL9899,1998-10-06,HUM,1.3,0
PAL9899,1998-10-06,HUM,2.1,0
PAL9899,1998-10-06,HUM,2.2,0
PAL9899,1998-10-06,HUM,4.0,0
PAL9899,1998-10-06,HUM,5.0,0
PAL9899,1998-10-14,HUM,1.1,0
PAL9899,1998-10-14,HUM,1.2,0
PAL9899,1998-10-14,HUM,1.3,0
PAL9899,1998-10-14,HUM,2.1,0
PAL9899,1998-10-14,HUM,2.2,0
PAL9899,1998-10-14,HUM,4.0,0
PAL9899,1998-10-14,HUM,5.0,0
PAL9899,1998-10-16,HUM,1.1,0
PAL9899,1998-10-16,HUM,1.2,0
PAL9899,1998-10-16,HUM,1.3,0
PAL9899,1998-10-16,HUM,2.1,3
PAL9899,1998-10-16,HUM,2.2,8
PAL9899,1998-10-16,HUM,4.0,4
PAL9899,1998-10-16,HUM,5.0,7
PAL9899,1998-10-20,HUM,1.1,0
PAL9899,1998-10-20,HUM,1.2,0
PAL9899,1998-10-20,HUM,1.3,0
PAL9899,1998-10-20,HUM,2.1,56
PAL9899,1998-10-20,HUM,2.2,40
PAL9899,1998-10-20,HUM,4.0,75
PAL9899,1998-10-20,HUM,5.0,131
PAL9899,1998-10-22,HUM,1.1,0
PAL9899,1998-10-22,HUM,1.2,0
PAL9899,1998-10-22,HUM,1.3,0
PAL9899,1998-10-22,HUM,2.1,92
PAL9899,1998-10-22,HUM,2.2,49
PAL9899,1998-10-22,HUM,4.0,107
PAL9899,1998-10-22,HUM,5.0,200
PAL9899,1998-10-25,HUM,1.1,0
PAL9899,1998-10-25,HUM,1.2,0
PAL9899,1998-10-25,HUM,1.3,0
PAL9899,1998-10-25,HUM,2.1,146
PAL9899,1998-10-25,HUM,2.2,84
PAL9899,1998-10-25,HUM,4.0,155
PAL9899,1998-10-25,HUM,5.0,309
PAL9899,1998-11-03,HUM,2.1,220
PAL9899,1998-11-03,HUM,2.2,108
PAL9899,1998-11-03,HUM,4.0,183
PAL9899,1998-11-03,HUM,5.0,433
PAL9899,1998-11-16,HUM,2.1,156
PAL9899,1998-11-16,HUM,2.2,76
PAL9899,1998-11-16,HUM,4.0,135
PAL9899,1998-11-16,HUM,5.0,312
PAL9899,1998-11-22,HUM,2.1,114
PAL9899,1998-11-22,HUM,2.2,56
PAL9899,1998-11-22,HUM,4.0,97
PAL9899,1998-11-22,HUM,5.0,253
PAL9899,1998-11-27,HUM,2.1,108
PAL9899,1998-11-27,HUM,2.2,62
PAL9899,1998-11-27,HUM,4.0,99
PAL9899,1998-11-27,HUM,5.0,219
PAL9899,1998-12-16,HUM,2.1,115
PAL9899,1998-12-16,HUM,2.2,61
PAL9899,1998-12-16,HUM,4.0,100
PAL9899,1998-12-16,HUM,5.0,215
PAL9899,1998-12-21,HUM,2.1,131
PAL9899,1998-12-21,HUM,2.2,64
PAL9899,1998-12-21,HUM,4.0,100
PAL9899,1998-12-21,HUM,5.0,221
PAL9899,1998-12-26,HUM,2.1,142
PAL9899,1998-12-26,HUM,2.2,72
PAL9899,1998-12-26,HUM,4.0,114
PAL9899,1998-12-26,HUM,5.0,237
PAL9899,1998-12-31,HUM,2.1,154
PAL9899,1998-12-31,HUM,2.2,72
PAL9899,1998-12-31,HUM,4.0,146
PAL9899,1998-12-31,HUM,5.0,290
PAL9899,1999-01-05,HUM,2.1,129
PAL9899,1999-01-05,HUM,2.2,71
PAL9899,1999-01-05,HUM,4.0,125
PAL9899,1999-01-05,HUM,5.0,280
PAL9899,1999-01-10,HUM,2.1,123
PAL9899,1999-01-10,HUM,2.2,58
PAL9899,1999-01-10,HUM,4.0,114
PAL9899,1999-01-10,HUM,5.0,253
PAL9899,1999-01-15,HUM,2.1,75
PAL9899,1999-01-15,HUM,2.2,51
PAL9899,1999-01-15,HUM,4.0,94
PAL9899,1999-01-15,HUM,5.0,199
PAL9899,1999-01-20,HUM,2.1,72
PAL9899,1999-01-20,HUM,2.2,42
PAL9899,1999-01-20,HUM,4.0,65
PAL9899,1999-01-20,HUM,5.0,147
PAL9899,1999-01-24,HUM,2.1,36
PAL9899,1999-01-24,HUM,2.2,22
PAL9899,1999-01-24,HUM,4.0,46
PAL9899,1999-01-24,HUM,5.0,72
PAL9899,1999-01-29,HUM,2.1,7
PAL9899,1999-01-29,HUM,2.2,10
PAL9899,1999-01-29,HUM,4.0,18
PAL9899,1999-01-29,HUM,5.0,19
PAL9899,1999-02-04,HUM,2.1,6
PAL9899,1999-02-04,HUM,2.2,4
PAL9899,1999-02-04,HUM,4.0,0
PAL9899,1999-02-04,HUM,5.0,19
PAL9899,1999-02-04,HUM,5.0,19
PAL9899,1999-02-08,HUM,2.1,1
PAL9899,1999-02-08,HUM,2.2,1
PAL9899,1999-02-08,HUM,4.0,0
PAL9899,1999-02-08,HUM,5.0,0
PAL9899,1999-02-14,HUM,2.1,0
PAL9899,1999-02-14,HUM,2.2,0
PAL9899,1999-02-14,HUM,4.0,0
PAL9899,1999-02-14,HUM,5.0,1
PAL9900,1999-11-17,HUM,1.1,0
PAL9900,1999-11-17,HUM,1.2,0
PAL9900,1999-11-17,HUM,1.3,0
PAL9900,1999-11-17,HUM,2.1,130
PAL9900,1999-11-17,HUM,2.2,87
PAL9900,1999-11-17,HUM,4.0,147
PAL9900,1999-11-17,HUM,5.0,328
PAL9900,1999-11-24,HUM,1.1,0
PAL9900,1999-11-24,HUM,1.2,0
PAL9900,1999-11-24,HUM,1.3,0
PAL9900,1999-11-24,HUM,2.1,106
PAL9900,1999-11-24,HUM,2.2,66
PAL9900,1999-11-24,HUM,4.0,111
PAL9900,1999-11-24,HUM,5.0,216
PAL9900,1999-11-28,HUM,1.1,0
PAL9900,1999-11-28,HUM,1.2,0
PAL9900,1999-11-28,HUM,1.3,0
PAL9900,1999-11-28,HUM,2.1,98
PAL9900,1999-11-28,HUM,2.2,48
PAL9900,1999-11-28,HUM,4.0,100
PAL9900,1999-11-28,HUM,5.0,216
PAL9900,1999-12-03,HUM,1.1,0
PAL9900,1999-12-03,HUM,1.2,0
PAL9900,1999-12-03,HUM,1.3,0
PAL9900,1999-12-03,HUM,2.1,88
PAL9900,1999-12-03,HUM,2.2,52
PAL9900,1999-12-03,HUM,4.0,93
PAL9900,1999-12-03,HUM,5.0,173
PAL9900,1999-12-13,HUM,1.1,0
PAL9900,1999-12-13,HUM,1.2,0
PAL9900,1999-12-13,HUM,1.3,0
PAL9900,1999-12-13,HUM,2.1,89
PAL9900,1999-12-13,HUM,2.2,50
PAL9900,1999-12-13,HUM,4.0,73
PAL9900,1999-12-13,HUM,5.0,164
PAL9900,1999-12-18,HUM,1.1,0
PAL9900,1999-12-18,HUM,1.2,0
PAL9900,1999-12-18,HUM,1.3,0
PAL9900,1999-12-18,HUM,2.1,102
PAL9900,1999-12-18,HUM,2.2,52
PAL9900,1999-12-18,HUM,4.0,91
PAL9900,1999-12-18,HUM,5.0,189
PAL9900,1999-12-22,HUM,1.1,0
PAL9900,1999-12-22,HUM,1.2,0
PAL9900,1999-12-22,HUM,1.3,0
PAL9900,1999-12-22,HUM,2.1,124
PAL9900,1999-12-22,HUM,2.2,62
PAL9900,1999-12-22,HUM,4.0,109
PAL9900,1999-12-22,HUM,5.0,199
PAL9900,1999-12-29,HUM,1.1,0
PAL9900,1999-12-29,HUM,1.2,0
PAL9900,1999-12-29,HUM,1.3,0
PAL9900,1999-12-29,HUM,2.1,112
PAL9900,1999-12-29,HUM,2.2,64
PAL9900,1999-12-29,HUM,4.0,120
PAL9900,1999-12-29,HUM,5.0,229
PAL9900,2000-01-03,HUM,1.1,0
PAL9900,2000-01-03,HUM,1.2,0
PAL9900,2000-01-03,HUM,1.3,0
PAL9900,2000-01-03,HUM,2.1,118
PAL9900,2000-01-03,HUM,2.2,57
PAL9900,2000-01-03,HUM,4.0,103
PAL9900,2000-01-03,HUM,5.0,249
PAL9900,2000-01-09,HUM,2.1,107
PAL9900,2000-01-09,HUM,2.2,67
PAL9900,2000-01-09,HUM,4.0,103
PAL9900,2000-01-09,HUM,5.0,244
PAL9900,2000-01-15,HUM,1.1,0
PAL9900,2000-01-15,HUM,1.2,0
PAL9900,2000-01-15,HUM,1.3,0
PAL9900,2000-01-15,HUM,2.1,88
PAL9900,2000-01-15,HUM,2.2,47
PAL9900,2000-01-15,HUM,4.0,101
PAL9900,2000-01-15,HUM,5.0,216
PAL9900,2000-01-20,HUM,2.1,102
PAL9900,2000-01-20,HUM,2.2,51
PAL9900,2000-01-20,HUM,4.0,108
PAL9900,2000-01-20,HUM,5.0,217
PAL9900,2000-02-01,HUM,2.1,15
PAL9900,2000-02-01,HUM,2.2,6
PAL9900,2000-02-01,HUM,4.0,20
PAL9900,2000-02-01,HUM,5.0,62
PAL9900,2000-02-05,HUM,2.1,5
PAL9900,2000-02-05,HUM,2.2,3
PAL9900,2000-02-05,HUM,4.0,4
PAL9900,2000-02-05,HUM,5.0,12
PAL9900,2000-02-11,HUM,2.1,0
PAL9900,2000-02-11,HUM,2.2,0
PAL9900,2000-02-11,HUM,4.0,0
PAL9900,2000-02-11,HUM,5.0,0
PAL9900,2000-02-15,HUM,2.1,0
PAL9900,2000-02-15,HUM,2.2,0
PAL9900,2000-02-15,HUM,4.0,0
PAL9900,2000-02-15,HUM,5.0,1
PAL0001,2000-10-24,HUM,1.1,0
PAL0001,2000-10-24,HUM,1.2,0
PAL0001,2000-10-24,HUM,1.3,0
PAL0001,2000-10-24,HUM,2.1,143
PAL0001,2000-10-24,HUM,2.2,86
PAL0001,2000-10-24,HUM,4.0,136
PAL0001,2000-10-24,HUM,5.0,292
PAL0001,2000-11-04,HUM,1.1,0
PAL0001,2000-11-04,HUM,1.2,0
PAL0001,2000-11-04,HUM,1.3,0
PAL0001,2000-11-04,HUM,2.1,184
PAL0001,2000-11-04,HUM,2.2,100
PAL0001,2000-11-04,HUM,4.0,168
PAL0001,2000-11-04,HUM,5.0,366
PAL0001,2000-11-06,HUM,2.1,180
PAL0001,2000-11-06,HUM,2.2,103
PAL0001,2000-11-06,HUM,4.0,164
PAL0001,2000-11-06,HUM,5.0,362
PAL0001,2000-11-08,HUM,1.1,0
PAL0001,2000-11-08,HUM,1.2,0
PAL0001,2000-11-08,HUM,1.3,0
PAL0001,2000-11-08,HUM,2.1,180
PAL0001,2000-11-08,HUM,2.2,108
PAL0001,2000-11-08,HUM,4.0,168
PAL0001,2000-11-08,HUM,5.0,362
PAL0001,2000-11-10,HUM,1.1,0
PAL0001,2000-11-10,HUM,1.2,0
PAL0001,2000-11-10,HUM,1.3,0
PAL0001,2000-11-10,HUM,2.1,175
PAL0001,2000-11-10,HUM,2.2,108
PAL0001,2000-11-10,HUM,4.0,167
PAL0001,2000-11-10,HUM,5.0,360
PAL0001,2000-11-13,HUM,1.1,0
PAL0001,2000-11-13,HUM,1.2,0
PAL0001,2000-11-13,HUM,1.3,0
PAL0001,2000-11-13,HUM,2.1,147
PAL0001,2000-11-13,HUM,2.2,87
PAL0001,2000-11-13,HUM,4.0,163
PAL0001,2000-11-13,HUM,5.0,336
PAL0001,2000-11-15,HUM,2.1,122
PAL0001,2000-11-15,HUM,2.2,82
PAL0001,2000-11-15,HUM,4.0,142
PAL0001,2000-11-15,HUM,5.0,289
PAL0001,2000-11-19,HUM,2.1,104
PAL0001,2000-11-19,HUM,2.2,61
PAL0001,2000-11-19,HUM,4.0,95
PAL0001,2000-11-19,HUM,5.0,212
PAL0001,2000-11-21,HUM,2.1,107
PAL0001,2000-11-21,HUM,2.2,68
PAL0001,2000-11-21,HUM,4.0,98
PAL0001,2000-11-21,HUM,5.0,206
PAL0001,2000-11-24,HUM,2.1,88
PAL0001,2000-11-24,HUM,2.2,58
PAL0001,2000-11-24,HUM,4.0,91
PAL0001,2000-11-24,HUM,5.0,198
PAL0001,2000-11-26,HUM,2.1,97
PAL0001,2000-11-26,HUM,2.2,59
PAL0001,2000-11-26,HUM,4.0,96
PAL0001,2000-11-26,HUM,5.0,202
PAL0001,2000-11-28,HUM,2.1,100
PAL0001,2000-11-28,HUM,2.2,56
PAL0001,2000-11-28,HUM,4.0,92
PAL0001,2000-11-28,HUM,5.0,194
PAL0001,2000-11-30,HUM,2.1,99
PAL0001,2000-11-30,HUM,2.2,55
PAL0001,2000-11-30,HUM,4.0,88
PAL0001,2000-11-30,HUM,5.0,185
PAL0001,2000-12-02,HUM,2.1,107
PAL0001,2000-12-02,HUM,2.2,59
PAL0001,2000-12-02,HUM,4.0,88
PAL0001,2000-12-02,HUM,5.0,187
PAL0001,2000-12-05,HUM,2.1,92
PAL0001,2000-12-05,HUM,2.2,60
PAL0001,2000-12-05,HUM,4.0,89
PAL0001,2000-12-05,HUM,5.0,181
PAL0001,2000-12-07,HUM,2.1,107
PAL0001,2000-12-07,HUM,2.2,58
PAL0001,2000-12-07,HUM,4.0,89
PAL0001,2000-12-07,HUM,5.0,203
PAL0001,2000-12-09,HUM,2.1,99
PAL0001,2000-12-09,HUM,2.2,56
PAL0001,2000-12-09,HUM,4.0,89
PAL0001,2000-12-09,HUM,5.0,197
PAL0001,2000-12-11,HUM,2.1,96
PAL0001,2000-12-11,HUM,2.2,56
PAL0001,2000-12-11,HUM,4.0,89
PAL0001,2000-12-11,HUM,5.0,192
PAL0001,2000-12-13,HUM,2.1,122
PAL0001,2000-12-13,HUM,2.2,75
PAL0001,2000-12-13,HUM,4.0,123
PAL0001,2000-12-13,HUM,5.0,219
PAL0001,2000-12-18,HUM,2.1,107
PAL0001,2000-12-18,HUM,2.2,58
PAL0001,2000-12-18,HUM,4.0,89
PAL0001,2000-12-18,HUM,5.0,202
PAL0001,2000-12-18,HUM,5.0,202
PAL0001,2000-12-23,HUM,2.1,106
PAL0001,2000-12-23,HUM,2.2,64
PAL0001,2000-12-23,HUM,4.0,104
PAL0001,2000-12-23,HUM,5.0,202
PAL0001,2000-12-28,HUM,2.1,109
PAL0001,2000-12-28,HUM,2.2,69
PAL0001,2000-12-28,HUM,4.0,103
PAL0001,2000-12-28,HUM,5.0,221
PAL0001,2001-01-02,HUM,2.1,114
PAL0001,2001-01-02,HUM,2.2,58
PAL0001,2001-01-02,HUM,4.0,91
PAL0001,2001-01-02,HUM,5.0,203
PAL0001,2001-01-07,HUM,2.1,103
PAL0001,2001-01-07,HUM,2.2,61
PAL0001,2001-01-07,HUM,4.0,88
PAL0001,2001-01-07,HUM,5.0,210
PAL0001,2001-01-12,HUM,2.1,96
PAL0001,2001-01-12,HUM,2.2,61
PAL0001,2001-01-12,HUM,4.0,88
PAL0001,2001-01-12,HUM,5.0,194
PAL0001,2001-01-18,HUM,2.1,68
PAL0001,2001-01-18,HUM,2.2,45
PAL0001,2001-01-18,HUM,4.0,70
PAL0001,2001-01-18,HUM,5.0,151
PAL0001,2001-01-23,HUM,2.1,25
PAL0001,2001-01-23,HUM,2.2,17
PAL0001,2001-01-23,HUM,4.0,24
PAL0001,2001-01-23,HUM,5.0,47
PAL0001,2001-01-28,HUM,2.1,0
PAL0001,2001-01-28,HUM,2.2,2
PAL0001,2001-01-28,HUM,4.0,7
PAL0001,2001-01-28,HUM,5.0,15
PAL0001,2001-02-02,HUM,2.1,3
PAL0001,2001-02-02,HUM,2.2,1
PAL0001,2001-02-02,HUM,4.0,0
PAL0001,2001-02-02,HUM,5.0,1
PAL0001,2001-02-07,HUM,2.1,0
PAL0001,2001-02-07,HUM,2.2,0
PAL0001,2001-02-07,HUM,4.0,3
PAL0001,2001-02-07,HUM,5.0,3
PAL0001,2001-02-13,HUM,2.1,1
PAL0001,2001-02-13,HUM,2.2,0
PAL0001,2001-02-13,HUM,4.0,2
PAL0001,2001-02-13,HUM,5.0,2
PAL0102,2001-10-21,HUM,2.1,33
PAL0102,2001-10-21,HUM,2.2,18
PAL0102,2001-10-21,HUM,4.0,22
PAL0102,2001-10-21,HUM,5.0,52
PAL0102,2001-10-23,HUM,2.1,44
PAL0102,2001-10-23,HUM,2.2,32
PAL0102,2001-10-23,HUM,4.0,40
PAL0102,2001-10-23,HUM,5.0,85
PAL0102,2001-10-24,HUM,2.1,43
PAL0102,2001-10-24,HUM,2.2,33
PAL0102,2001-10-24,HUM,4.0,42
PAL0102,2001-10-24,HUM,5.0,97
PAL0102,2001-10-25,HUM,2.1,49
PAL0102,2001-10-25,HUM,2.2,35
PAL0102,2001-10-25,HUM,4.0,42
PAL0102,2001-10-25,HUM,5.0,93
PAL0102,2001-10-29,HUM,2.1,68
PAL0102,2001-10-29,HUM,2.2,56
PAL0102,2001-10-29,HUM,4.0,66
PAL0102,2001-10-29,HUM,5.0,158
PAL0102,2001-11-02,HUM,2.1,79
PAL0102,2001-11-02,HUM,2.2,64
PAL0102,2001-11-02,HUM,4.0,78
PAL0102,2001-11-02,HUM,5.0,196
PAL0102,2001-11-03,HUM,2.1,78
PAL0102,2001-11-03,HUM,2.2,68
PAL0102,2001-11-03,HUM,4.0,92
PAL0102,2001-11-03,HUM,5.0,213
PAL0102,2001-11-05,HUM,2.1,96
PAL0102,2001-11-05,HUM,2.2,74
PAL0102,2001-11-05,HUM,4.0,96
PAL0102,2001-11-05,HUM,5.0,235
PAL0102,2001-11-07,HUM,2.1,106
PAL0102,2001-11-07,HUM,2.2,74
PAL0102,2001-11-07,HUM,4.0,96
PAL0102,2001-11-07,HUM,5.0,235
PAL0102,2001-11-09,HUM,2.1,110
PAL0102,2001-11-09,HUM,2.2,74
PAL0102,2001-11-09,HUM,4.0,102
PAL0102,2001-11-09,HUM,5.0,238
PAL0102,2001-11-14,HUM,2.1,110
PAL0102,2001-11-14,HUM,2.2,76
PAL0102,2001-11-14,HUM,4.0,106
PAL0102,2001-11-14,HUM,5.0,242
PAL0102,2001-11-17,HUM,2.1,109
PAL0102,2001-11-17,HUM,2.2,75
PAL0102,2001-11-17,HUM,4.0,105
PAL0102,2001-11-17,HUM,5.0,240
PAL0102,2001-11-19,HUM,2.1,75
PAL0102,2001-11-19,HUM,2.2,64
PAL0102,2001-11-19,HUM,4.0,88
PAL0102,2001-11-19,HUM,5.0,216
PAL0102,2001-11-21,HUM,2.1,69
PAL0102,2001-11-21,HUM,2.2,53
PAL0102,2001-11-21,HUM,4.0,74
PAL0102,2001-11-21,HUM,5.0,196
PAL0102,2001-11-24,HUM,2.1,49
PAL0102,2001-11-24,HUM,2.2,42
PAL0102,2001-11-24,HUM,4.0,51
PAL0102,2001-11-24,HUM,5.0,156
PAL0102,2001-11-28,HUM,2.1,53
PAL0102,2001-11-28,HUM,2.2,41
PAL0102,2001-11-28,HUM,4.0,45
PAL0102,2001-11-28,HUM,5.0,136
PAL0102,2001-12-03,HUM,2.1,44
PAL0102,2001-12-03,HUM,2.2,33
PAL0102,2001-12-03,HUM,4.0,40
PAL0102,2001-12-03,HUM,5.0,106
PAL0102,2001-12-08,HUM,2.1,33
PAL0102,2001-12-08,HUM,2.2,38
PAL0102,2001-12-08,HUM,4.0,34
PAL0102,2001-12-08,HUM,5.0,105
PAL0102,2001-12-12,HUM,2.1,29
PAL0102,2001-12-12,HUM,2.2,30
PAL0102,2001-12-12,HUM,4.0,38
PAL0102,2001-12-12,HUM,5.0,116
PAL0102,2001-12-16,HUM,2.1,30
PAL0102,2001-12-16,HUM,2.2,39
PAL0102,2001-12-16,HUM,4.0,41
PAL0102,2001-12-16,HUM,5.0,127
PAL0102,2001-12-17,HUM,2.1,29
PAL0102,2001-12-17,HUM,2.2,41
PAL0102,2001-12-17,HUM,4.0,31
PAL0102,2001-12-17,HUM,5.0,129
PAL0102,2001-12-20,HUM,2.1,45
PAL0102,2001-12-20,HUM,2.2,52
PAL0102,2001-12-20,HUM,4.0,46
PAL0102,2001-12-20,HUM,5.0,140
PAL0102,2001-12-24,HUM,2.1,59
PAL0102,2001-12-24,HUM,2.2,54
PAL0102,2001-12-24,HUM,4.0,47
PAL0102,2001-12-24,HUM,5.0,144
PAL0102,2001-12-28,HUM,2.1,87
PAL0102,2001-12-28,HUM,2.2,56
PAL0102,2001-12-28,HUM,4.0,55
PAL0102,2001-12-28,HUM,5.0,160
PAL0102,2002-01-01,HUM,2.1,78
PAL0102,2002-01-01,HUM,2.2,52
PAL0102,2002-01-01,HUM,4.0,54
PAL0102,2002-01-01,HUM,5.0,154
PAL0102,2002-01-01,HUM,5.0,154
PAL0102,2002-01-05,HUM,2.1,84
PAL0102,2002-01-05,HUM,2.2,47
PAL0102,2002-01-05,HUM,4.0,53
PAL0102,2002-01-05,HUM,5.0,129
PAL0102,2002-01-05,HUM,5.0,129
PAL0102,2002-01-09,HUM,2.1,69
PAL0102,2002-01-09,HUM,2.2,49
PAL0102,2002-01-09,HUM,4.0,49
PAL0102,2002-01-09,HUM,5.0,155
PAL0102,2002-01-09,HUM,5.0,155
PAL0102,2002-01-15,HUM,2.1,76
PAL0102,2002-01-15,HUM,2.2,44
PAL0102,2002-01-15,HUM,4.0,39
PAL0102,2002-01-15,HUM,5.0,105
PAL0102,2002-01-23,HUM,2.1,32
PAL0102,2002-01-23,HUM,2.2,19
PAL0102,2002-01-23,HUM,4.0,1
PAL0102,2002-01-23,HUM,5.0,45
PAL0102,2002-01-31,HUM,2.1,4
PAL0102,2002-01-31,HUM,2.2,7
PAL0102,2002-01-31,HUM,4.0,4
PAL0102,2002-01-31,HUM,5.0,4
PAL0102,2002-02-06,HUM,2.1,0
PAL0102,2002-02-06,HUM,2.2,0
PAL0102,2002-02-06,HUM,4.0,0
PAL0102,2002-02-06,HUM,5.0,0
PAL0102,2002-02-18,HUM,2.1,0
PAL0102,2002-02-18,HUM,2.2,0
PAL0102,2002-02-18,HUM,4.0,0
PAL0102,2002-02-18,HUM,5.0,0
PAL0203,2002-10-17,HUM,2.1,44
PAL0203,2002-10-17,HUM,2.2,46
PAL0203,2002-10-17,HUM,4.0,50
PAL0203,2002-10-17,HUM,5.0,119
PAL0203,2002-10-19,HUM,2.1,59
PAL0203,2002-10-19,HUM,2.2,64
PAL0203,2002-10-19,HUM,4.0,69
PAL0203,2002-10-19,HUM,5.0,169
PAL0203,2002-10-30,HUM,2.1,82
PAL0203,2002-10-30,HUM,2.2,76
PAL0203,2002-10-30,HUM,4.0,92
PAL0203,2002-10-30,HUM,5.0,224
PAL0203,2002-11-02,HUM,2.1,92
PAL0203,2002-11-02,HUM,2.2,77
PAL0203,2002-11-02,HUM,4.0,92
PAL0203,2002-11-02,HUM,5.0,224
PAL0203,2002-11-04,HUM,2.1,94
PAL0203,2002-11-04,HUM,2.2,78
PAL0203,2002-11-04,HUM,4.0,94
PAL0203,2002-11-04,HUM,5.0,226
PAL0203,2002-11-16,HUM,2.1,75
PAL0203,2002-11-16,HUM,2.2,65
PAL0203,2002-11-16,HUM,4.0,85
PAL0203,2002-11-16,HUM,5.0,211
PAL0203,2002-11-18,HUM,2.1,55
PAL0203,2002-11-18,HUM,2.2,59
PAL0203,2002-11-18,HUM,4.0,77
PAL0203,2002-11-18,HUM,5.0,184
PAL0203,2002-11-23,HUM,2.1,62
PAL0203,2002-11-23,HUM,2.2,46
PAL0203,2002-11-23,HUM,4.0,45
PAL0203,2002-11-23,HUM,5.0,134
PAL0203,2002-11-28,HUM,2.1,50
PAL0203,2002-11-28,HUM,2.2,45
PAL0203,2002-11-28,HUM,4.0,48
PAL0203,2002-11-28,HUM,5.0,142
PAL0203,2002-12-03,HUM,2.1,47
PAL0203,2002-12-03,HUM,2.2,41
PAL0203,2002-12-03,HUM,4.0,48
PAL0203,2002-12-03,HUM,5.0,124
PAL0203,2002-12-08,HUM,2.1,49
PAL0203,2002-12-08,HUM,2.2,45
PAL0203,2002-12-08,HUM,4.0,52
PAL0203,2002-12-08,HUM,5.0,125
PAL0203,2002-12-16,HUM,2.1,49
PAL0203,2002-12-16,HUM,2.2,47
PAL0203,2002-12-16,HUM,4.0,53
PAL0203,2002-12-16,HUM,5.0,130
PAL0203,2002-12-21,HUM,2.1,68
PAL0203,2002-12-21,HUM,2.2,60
PAL0203,2002-12-21,HUM,4.0,55
PAL0203,2002-12-21,HUM,5.0,154
PAL0203,2002-12-26,HUM,2.1,66
PAL0203,2002-12-26,HUM,2.2,49
PAL0203,2002-12-26,HUM,4.0,49
PAL0203,2002-12-26,HUM,5.0,170
PAL0203,2002-12-31,HUM,2.1,64
PAL0203,2002-12-31,HUM,2.2,51
PAL0203,2002-12-31,HUM,4.0,48
PAL0203,2002-12-31,HUM,5.0,158
PAL0203,2003-01-05,HUM,2.1,66
PAL0203,2003-01-05,HUM,2.2,44
PAL0203,2003-01-05,HUM,4.0,43
PAL0203,2003-01-05,HUM,5.0,148
PAL0203,2003-01-10,HUM,2.1,57
PAL0203,2003-01-10,HUM,2.2,45
PAL0203,2003-01-10,HUM,4.0,41
PAL0203,2003-01-10,HUM,5.0,141
PAL0203,2003-01-15,HUM,2.1,57
PAL0203,2003-01-15,HUM,2.2,49
PAL0203,2003-01-15,HUM,4.0,42
PAL0203,2003-01-15,HUM,5.0,144
PAL0203,2003-01-21,HUM,2.1,47
PAL0203,2003-01-21,HUM,2.2,49
PAL0203,2003-01-21,HUM,4.0,45
PAL0203,2003-01-21,HUM,5.0,138
PAL0203,2003-01-31,HUM,2.1,16
PAL0203,2003-01-31,HUM,2.2,16
PAL0203,2003-01-31,HUM,4.0,25
PAL0203,2003-01-31,HUM,5.0,52
PAL0203,2003-02-05,HUM,2.1,10
PAL0203,2003-02-05,HUM,2.2,11
PAL0203,2003-02-05,HUM,4.0,10
PAL0203,2003-02-05,HUM,5.0,22
PAL0203,2003-02-10,HUM,2.1,5
PAL0203,2003-02-10,HUM,2.2,1
PAL0203,2003-02-10,HUM,4.0,1
PAL0203,2003-02-10,HUM,5.0,17
PAL0203,2003-02-17,HUM,2.1,4
PAL0203,2003-02-17,HUM,2.2,0
PAL0203,2003-02-17,HUM,4.0,0
PAL0203,2003-02-17,HUM,5.0,6
PAL0304,2003-10-24,HUM,2.1,82
PAL0304,2003-10-24,HUM,2.2,70
PAL0304,2003-10-24,HUM,4.0,63
PAL0304,2003-10-24,HUM,5.0,185
PAL0304,2003-10-26,HUM,2.1,84
PAL0304,2003-10-26,HUM,2.2,73
PAL0304,2003-10-26,HUM,4.0,64
PAL0304,2003-10-26,HUM,5.0,197
PAL0304,2003-10-29,HUM,2.1,97
PAL0304,2003-10-29,HUM,2.2,73
PAL0304,2003-10-29,HUM,4.0,70
PAL0304,2003-10-29,HUM,5.0,214
PAL0304,2003-11-02,HUM,2.1,96
PAL0304,2003-11-02,HUM,2.2,76
PAL0304,2003-11-02,HUM,4.0,70
PAL0304,2003-11-02,HUM,5.0,217
PAL0304,2003-11-04,HUM,2.1,103
PAL0304,2003-11-04,HUM,2.2,76
PAL0304,2003-11-04,HUM,4.0,76
PAL0304,2003-11-04,HUM,5.0,231
PAL0304,2003-11-06,HUM,2.1,101
PAL0304,2003-11-06,HUM,2.2,76
PAL0304,2003-11-06,HUM,4.0,74
PAL0304,2003-11-06,HUM,5.0,232
PAL0304,2003-11-08,HUM,2.1,104
PAL0304,2003-11-08,HUM,2.2,77
PAL0304,2003-11-08,HUM,4.0,74
PAL0304,2003-11-08,HUM,5.0,228
PAL0304,2003-11-10,HUM,2.1,107
PAL0304,2003-11-10,HUM,2.2,77
PAL0304,2003-11-10,HUM,4.0,75
PAL0304,2003-11-10,HUM,5.0,246
PAL0304,2003-11-16,HUM,2.1,77
PAL0304,2003-11-16,HUM,2.2,70
PAL0304,2003-11-16,HUM,4.0,64
PAL0304,2003-11-16,HUM,5.0,201
PAL0304,2003-11-18,HUM,2.1,66
PAL0304,2003-11-18,HUM,2.2,59
PAL0304,2003-11-18,HUM,4.0,52
PAL0304,2003-11-18,HUM,5.0,175
PAL0304,2003-11-20,HUM,2.1,61
PAL0304,2003-11-20,HUM,2.2,58
PAL0304,2003-11-20,HUM,4.0,48
PAL0304,2003-11-20,HUM,5.0,145
PAL0304,2003-11-22,HUM,2.1,63
PAL0304,2003-11-22,HUM,2.2,55
PAL0304,2003-11-22,HUM,4.0,42
PAL0304,2003-11-22,HUM,5.0,141
PAL0304,2003-11-24,HUM,2.1,66
PAL0304,2003-11-24,HUM,2.2,48
PAL0304,2003-11-24,HUM,4.0,45
PAL0304,2003-11-24,HUM,5.0,127
PAL0304,2003-11-29,HUM,2.1,71
PAL0304,2003-11-29,HUM,2.2,56
PAL0304,2003-11-29,HUM,4.0,51
PAL0304,2003-11-29,HUM,5.0,145
PAL0304,2003-12-04,HUM,2.1,58
PAL0304,2003-12-04,HUM,2.2,51
PAL0304,2003-12-04,HUM,4.0,44
PAL0304,2003-12-04,HUM,5.0,129
PAL0304,2003-12-09,HUM,2.1,56
PAL0304,2003-12-09,HUM,2.2,47
PAL0304,2003-12-09,HUM,4.0,43
PAL0304,2003-12-09,HUM,5.0,118
PAL0304,2003-12-14,HUM,2.1,64
PAL0304,2003-12-14,HUM,2.2,48
PAL0304,2003-12-14,HUM,4.0,38
PAL0304,2003-12-14,HUM,5.0,121
PAL0304,2003-12-19,HUM,2.1,79
PAL0304,2003-12-19,HUM,2.2,59
PAL0304,2003-12-19,HUM,4.0,39
PAL0304,2003-12-19,HUM,5.0,150
PAL0304,2003-12-29,HUM,2.1,73
PAL0304,2003-12-29,HUM,2.2,60
PAL0304,2003-12-29,HUM,4.0,45
PAL0304,2003-12-29,HUM,5.0,141
PAL0304,2004-01-03,HUM,2.1,71
PAL0304,2004-01-03,HUM,2.2,50
PAL0304,2004-01-03,HUM,4.0,45
PAL0304,2004-01-03,HUM,5.0,140
PAL0304,2004-01-08,HUM,2.1,68
PAL0304,2004-01-08,HUM,2.2,57
PAL0304,2004-01-08,HUM,4.0,48
PAL0304,2004-01-08,HUM,5.0,143
PAL0304,2004-01-14,HUM,2.1,68
PAL0304,2004-01-14,HUM,2.2,52
PAL0304,2004-01-14,HUM,4.0,44
PAL0304,2004-01-14,HUM,5.0,135
PAL0304,2004-01-18,HUM,2.1,59
PAL0304,2004-01-18,HUM,2.2,50
PAL0304,2004-01-18,HUM,4.0,36
PAL0304,2004-01-18,HUM,5.0,108
PAL0304,2004-01-27,HUM,2.1,30
PAL0304,2004-01-27,HUM,2.2,28
PAL0304,2004-01-27,HUM,4.0,25
PAL0304,2004-01-27,HUM,5.0,60
PAL0304,2004-02-01,HUM,2.1,27
PAL0304,2004-02-01,HUM,2.2,20
PAL0304,2004-02-01,HUM,4.0,15
PAL0304,2004-02-01,HUM,5.0,57
PAL0304,2004-02-06,HUM,2.1,4
PAL0304,2004-02-06,HUM,2.2,5
PAL0304,2004-02-06,HUM,4.0,0
PAL0304,2004-02-06,HUM,5.0,11
PAL0304,2004-02-11,HUM,2.1,0
PAL0304,2004-02-11,HUM,2.2,0
PAL0304,2004-02-11,HUM,4.0,0
PAL0304,2004-02-11,HUM,5.0,1
PAL0304,2004-02-16,HUM,2.1,0
PAL0304,2004-02-16,HUM,2.2,0
PAL0304,2004-02-16,HUM,4.0,0
PAL0304,2004-02-16,HUM,5.0,0
PAL0405,2004-11-17,HUM,2.1,94
PAL0405,2004-11-17,HUM,2.2,80
PAL0405,2004-11-17,HUM,4.0,63
PAL0405,2004-11-17,HUM,5.0,212
PAL0405,2004-11-18,HUM,2.1,88
PAL0405,2004-11-18,HUM,2.2,74
PAL0405,2004-11-18,HUM,4.0,61
PAL0405,2004-11-18,HUM,5.0,210
PAL0405,2004-11-23,HUM,2.1,56
PAL0405,2004-11-23,HUM,2.2,51
PAL0405,2004-11-23,HUM,4.0,40
PAL0405,2004-11-23,HUM,5.0,140
PAL0405,2004-11-24,HUM,2.1,50
PAL0405,2004-11-24,HUM,2.2,45
PAL0405,2004-11-24,HUM,4.0,35
PAL0405,2004-11-24,HUM,5.0,127
PAL0405,2004-11-30,HUM,2.1,45
PAL0405,2004-11-30,HUM,2.2,42
PAL0405,2004-11-30,HUM,4.0,27
PAL0405,2004-11-30,HUM,5.0,93
PAL0405,2004-12-06,HUM,2.1,41
PAL0405,2004-12-06,HUM,2.2,39
PAL0405,2004-12-06,HUM,4.0,30
PAL0405,2004-12-06,HUM,5.0,76
PAL0405,2004-12-09,HUM,2.1,37
PAL0405,2004-12-09,HUM,2.2,41
PAL0405,2004-12-09,HUM,4.0,24
PAL0405,2004-12-09,HUM,5.0,73
PAL0405,2004-12-22,HUM,2.1,39
PAL0405,2004-12-22,HUM,2.2,44
PAL0405,2004-12-22,HUM,4.0,19
PAL0405,2004-12-22,HUM,5.0,66
PAL0405,2004-12-27,HUM,2.1,38
PAL0405,2004-12-27,HUM,2.2,50
PAL0405,2004-12-27,HUM,4.0,21
PAL0405,2004-12-27,HUM,5.0,65
PAL0405,2005-01-01,HUM,2.1,48
PAL0405,2005-01-01,HUM,2.2,52
PAL0405,2005-01-01,HUM,4.0,23
PAL0405,2005-01-01,HUM,5.0,62
PAL0405,2005-01-06,HUM,2.1,52
PAL0405,2005-01-06,HUM,2.2,45
PAL0405,2005-01-06,HUM,4.0,23
PAL0405,2005-01-06,HUM,5.0,75
PAL0405,2005-01-06,HUM,5.0,75
PAL0405,2005-01-12,HUM,2.1,55
PAL0405,2005-01-12,HUM,2.2,46
PAL0405,2005-01-12,HUM,4.0,23
PAL0405,2005-01-12,HUM,5.0,80
PAL0405,2005-01-16,HUM,2.1,45
PAL0405,2005-01-16,HUM,2.2,46
PAL0405,2005-01-16,HUM,4.0,25
PAL0405,2005-01-16,HUM,5.0,79
PAL0405,2005-01-21,HUM,2.1,51
PAL0405,2005-01-21,HUM,2.2,40
PAL0405,2005-01-21,HUM,4.0,26
PAL0405,2005-01-21,HUM,5.0,81
PAL0405,2005-01-26,HUM,2.1,45
PAL0405,2005-01-26,HUM,2.2,45
PAL0405,2005-01-26,HUM,4.0,20
PAL0405,2005-01-26,HUM,5.0,78
PAL0405,2005-02-01,HUM,2.1,10
PAL0405,2005-02-01,HUM,2.2,18
PAL0405,2005-02-01,HUM,4.0,4
PAL0405,2005-02-01,HUM,5.0,18
PAL0405,2005-02-06,HUM,2.1,16
PAL0405,2005-02-06,HUM,2.2,22
PAL0405,2005-02-06,HUM,4.0,5
PAL0405,2005-02-06,HUM,5.0,33
PAL0405,2005-02-19,HUM,2.1,0
PAL0405,2005-02-19,HUM,2.2,0
PAL0405,2005-02-19,HUM,4.0,0
PAL0405,2005-02-19,HUM,5.0,0
PAL0506,2005-10-31,HUM,1.1,0
PAL0506,2005-10-31,HUM,1.2,0
PAL0506,2005-10-31,HUM,1.3,0
PAL0506,2005-10-31,HUM,2.1,61
PAL0506,2005-10-31,HUM,2.2,73
PAL0506,2005-10-31,HUM,4.0,33
PAL0506,2005-10-31,HUM,5.0,122
PAL0506,2005-11-17,HUM,2.1,63
PAL0506,2005-11-17,HUM,2.2,54
PAL0506,2005-11-17,HUM,4.0,32
PAL0506,2005-11-17,HUM,5.0,106
PAL0506,2005-11-18,HUM,2.1,50
PAL0506,2005-11-18,HUM,2.2,48
PAL0506,2005-11-18,HUM,4.0,29
PAL0506,2005-11-18,HUM,5.0,89
PAL0506,2005-11-20,HUM,2.1,45
PAL0506,2005-11-20,HUM,2.2,45
PAL0506,2005-11-20,HUM,4.0,19
PAL0506,2005-11-20,HUM,5.0,76
PAL0506,2005-11-21,HUM,2.1,42
PAL0506,2005-11-21,HUM,2.2,43
PAL0506,2005-11-21,HUM,4.0,16
PAL0506,2005-11-21,HUM,5.0,70
PAL0506,2005-11-23,HUM,2.1,41
PAL0506,2005-11-23,HUM,2.2,45
PAL0506,2005-11-23,HUM,4.0,17
PAL0506,2005-11-23,HUM,5.0,69
PAL0506,2005-11-25,HUM,2.1,39
PAL0506,2005-11-25,HUM,2.2,45
PAL0506,2005-11-25,HUM,4.0,14
PAL0506,2005-11-25,HUM,5.0,68
PAL0506,2005-11-27,HUM,2.1,37
PAL0506,2005-11-27,HUM,2.2,43
PAL0506,2005-11-27,HUM,4.0,20
PAL0506,2005-11-27,HUM,5.0,76
PAL0506,2005-11-29,HUM,2.1,41
PAL0506,2005-11-29,HUM,2.2,41
PAL0506,2005-11-29,HUM,4.0,19
PAL0506,2005-11-29,HUM,5.0,64
PAL0506,2005-12-03,HUM,2.1,33
PAL0506,2005-12-03,HUM,2.2,41
PAL0506,2005-12-03,HUM,4.0,14
PAL0506,2005-12-03,HUM,5.0,58
PAL0506,2005-12-07,HUM,2.1,34
PAL0506,2005-12-07,HUM,2.2,41
PAL0506,2005-12-07,HUM,4.0,17
PAL0506,2005-12-07,HUM,5.0,55
PAL0506,2005-12-13,HUM,2.1,35
PAL0506,2005-12-13,HUM,2.2,49
PAL0506,2005-12-13,HUM,4.0,19
PAL0506,2005-12-13,HUM,5.0,67
PAL0506,2005-12-22,HUM,2.1,35
PAL0506,2005-12-22,HUM,2.2,49
PAL0506,2005-12-22,HUM,4.0,21
PAL0506,2005-12-22,HUM,5.0,68
PAL0506,2005-12-26,HUM,2.1,39
PAL0506,2005-12-26,HUM,2.2,46
PAL0506,2005-12-26,HUM,4.0,20
PAL0506,2005-12-26,HUM,5.0,73
PAL0506,2005-12-31,HUM,2.1,46
PAL0506,2005-12-31,HUM,2.2,46
PAL0506,2005-12-31,HUM,4.0,23
PAL0506,2005-12-31,HUM,5.0,63
PAL0506,2006-01-05,HUM,2.1,48
PAL0506,2006-01-05,HUM,2.2,43
PAL0506,2006-01-05,HUM,4.0,21
PAL0506,2006-01-05,HUM,5.0,64
PAL0506,2006-01-08,HUM,2.1,45
PAL0506,2006-01-08,HUM,2.2,44
PAL0506,2006-01-08,HUM,4.0,18
PAL0506,2006-01-08,HUM,5.0,62
PAL0506,2006-01-13,HUM,2.1,41
PAL0506,2006-01-13,HUM,2.2,42
PAL0506,2006-01-13,HUM,4.0,17
PAL0506,2006-01-13,HUM,5.0,58
PAL0506,2006-01-18,HUM,2.1,23
PAL0506,2006-01-18,HUM,2.2,22
PAL0506,2006-01-18,HUM,4.0,8
PAL0506,2006-01-18,HUM,5.0,35
PAL0506,2006-01-24,HUM,2.1,12
PAL0506,2006-01-24,HUM,2.2,8
PAL0506,2006-01-24,HUM,4.0,0
PAL0506,2006-01-24,HUM,5.0,19
PAL0506,2006-01-29,HUM,2.1,6
PAL0506,2006-01-29,HUM,2.2,7
PAL0506,2006-01-29,HUM,4.0,0
PAL0506,2006-01-29,HUM,5.0,15
PAL0506,2006-02-03,HUM,2.1,0
PAL0506,2006-02-03,HUM,2.2,0
PAL0506,2006-02-03,HUM,4.0,0
PAL0506,2006-02-03,HUM,5.0,0
PAL0506,2006-02-08,HUM,2.1,0
PAL0506,2006-02-08,HUM,2.2,1
PAL0506,2006-02-08,HUM,4.0,2
PAL0506,2006-02-08,HUM,5.0,0
PAL0506,2006-02-13,HUM,2.1,0
PAL0506,2006-02-13,HUM,2.2,0
PAL0506,2006-02-13,HUM,4.0,0
PAL0506,2006-02-13,HUM,5.0,0
PAL0607,2006-10-14,HUM,2.1,2
PAL0607,2006-10-14,HUM,2.2,8
PAL0607,2006-10-14,HUM,4.0,5
PAL0607,2006-10-14,HUM,5.0,8
PAL0607,2006-10-16,HUM,2.1,1
PAL0607,2006-10-16,HUM,2.2,11
PAL0607,2006-10-16,HUM,4.0,6
PAL0607,2006-10-16,HUM,5.0,12
PAL0607,2006-10-18,HUM,2.1,10
PAL0607,2006-10-18,HUM,2.2,19
PAL0607,2006-10-18,HUM,4.0,7
PAL0607,2006-10-18,HUM,5.0,23
PAL0607,2006-10-20,HUM,2.1,24
PAL0607,2006-10-20,HUM,2.2,35
PAL0607,2006-10-20,HUM,4.0,18
PAL0607,2006-10-20,HUM,5.0,43
PAL0607,2006-10-22,HUM,2.1,31
PAL0607,2006-10-22,HUM,2.2,37
PAL0607,2006-10-22,HUM,4.0,22
PAL0607,2006-10-22,HUM,5.0,52
PAL0607,2006-10-25,HUM,2.1,41
PAL0607,2006-10-25,HUM,2.2,45
PAL0607,2006-10-25,HUM,4.0,22
PAL0607,2006-10-25,HUM,5.0,61
PAL0607,2006-10-27,HUM,2.1,46
PAL0607,2006-10-27,HUM,2.2,48
PAL0607,2006-10-27,HUM,4.0,23
PAL0607,2006-10-27,HUM,5.0,69
PAL0607,2006-10-29,HUM,2.1,51
PAL0607,2006-10-29,HUM,2.2,53
PAL0607,2006-10-29,HUM,4.0,23
PAL0607,2006-10-29,HUM,5.0,81
PAL0607,2006-10-31,HUM,2.1,54
PAL0607,2006-10-31,HUM,2.2,62
PAL0607,2006-10-31,HUM,4.0,27
PAL0607,2006-10-31,HUM,5.0,86
PAL0607,2006-11-02,HUM,2.1,56
PAL0607,2006-11-02,HUM,2.2,59
PAL0607,2006-11-02,HUM,4.0,29
PAL0607,2006-11-02,HUM,5.0,86
PAL0607,2006-11-04,HUM,2.1,56
PAL0607,2006-11-04,HUM,2.2,67
PAL0607,2006-11-04,HUM,4.0,29
PAL0607,2006-11-04,HUM,5.0,89
PAL0607,2006-11-06,HUM,2.1,57
PAL0607,2006-11-06,HUM,2.2,65
PAL0607,2006-11-06,HUM,4.0,30
PAL0607,2006-11-06,HUM,5.0,93
PAL0607,2006-11-08,HUM,2.1,59
PAL0607,2006-11-08,HUM,2.2,68
PAL0607,2006-11-08,HUM,4.0,31
PAL0607,2006-11-08,HUM,5.0,90
PAL0607,2006-11-10,HUM,2.1,56
PAL0607,2006-11-10,HUM,2.2,65
PAL0607,2006-11-10,HUM,4.0,27
PAL0607,2006-11-10,HUM,5.0,87
PAL0607,2006-11-12,HUM,2.1,53
PAL0607,2006-11-12,HUM,2.2,64
PAL0607,2006-11-12,HUM,4.0,26
PAL0607,2006-11-12,HUM,5.0,77
PAL0607,2006-11-14,HUM,2.1,46
PAL0607,2006-11-14,HUM,2.2,57
PAL0607,2006-11-14,HUM,4.0,23
PAL0607,2006-11-14,HUM,5.0,75
PAL0607,2006-11-15,HUM,1.1,0
PAL0607,2006-11-15,HUM,1.2,0
PAL0607,2006-11-15,HUM,1.3,0
PAL0607,2006-11-15,HUM,2.1,40
PAL0607,2006-11-15,HUM,2.2,55
PAL0607,2006-11-15,HUM,4.0,19
PAL0607,2006-11-15,HUM,5.0,67
PAL0607,2006-11-17,HUM,2.1,32
PAL0607,2006-11-17,HUM,2.2,47
PAL0607,2006-11-17,HUM,4.0,17
PAL0607,2006-11-17,HUM,5.0,59
PAL0607,2006-11-19,HUM,2.1,30
PAL0607,2006-11-19,HUM,2.2,38
PAL0607,2006-11-19,HUM,4.0,12
PAL0607,2006-11-19,HUM,5.0,49
PAL0607,2006-11-21,HUM,2.1,34
PAL0607,2006-11-21,HUM,2.2,38
PAL0607,2006-11-21,HUM,4.0,13
PAL0607,2006-11-21,HUM,5.0,46
PAL0607,2006-11-23,HUM,2.1,30
PAL0607,2006-11-23,HUM,2.2,41
PAL0607,2006-11-23,HUM,4.0,13
PAL0607,2006-11-23,HUM,5.0,40
PAL0607,2006-11-25,HUM,2.1,31
PAL0607,2006-11-25,HUM,2.2,38
PAL0607,2006-11-25,HUM,4.0,13
PAL0607,2006-11-25,HUM,5.0,36
PAL0607,2006-11-27,HUM,2.1,25
PAL0607,2006-11-27,HUM,2.2,37
PAL0607,2006-11-27,HUM,4.0,12
PAL0607,2006-11-27,HUM,5.0,33
PAL0607,2006-11-29,HUM,2.1,24
PAL0607,2006-11-29,HUM,2.2,32
PAL0607,2006-11-29,HUM,4.0,12
PAL0607,2006-11-29,HUM,5.0,31
PAL0607,2006-12-01,HUM,2.1,24
PAL0607,2006-12-01,HUM,2.2,36
PAL0607,2006-12-01,HUM,4.0,32
PAL0607,2006-12-01,HUM,5.0,13
PAL0607,2006-12-04,HUM,2.1,24
PAL0607,2006-12-04,HUM,2.2,37
PAL0607,2006-12-04,HUM,4.0,11
PAL0607,2006-12-04,HUM,5.0,28
PAL0607,2006-12-06,HUM,2.1,24
PAL0607,2006-12-06,HUM,2.2,33
PAL0607,2006-12-06,HUM,4.0,9
PAL0607,2006-12-06,HUM,5.0,29
PAL0607,2006-12-08,HUM,2.1,23
PAL0607,2006-12-08,HUM,2.2,36
PAL0607,2006-12-08,HUM,4.0,9
PAL0607,2006-12-08,HUM,5.0,23
PAL0607,2006-12-10,HUM,2.1,23
PAL0607,2006-12-10,HUM,2.2,37
PAL0607,2006-12-10,HUM,4.0,7
PAL0607,2006-12-10,HUM,5.0,24
PAL0607,2006-12-12,HUM,2.1,23
PAL0607,2006-12-12,HUM,2.2,38
PAL0607,2006-12-12,HUM,4.0,7
PAL0607,2006-12-12,HUM,5.0,23
PAL0607,2006-12-14,HUM,2.1,23
PAL0607,2006-12-14,HUM,2.2,37
PAL0607,2006-12-14,HUM,4.0,6
PAL0607,2006-12-14,HUM,5.0,23
PAL0607,2006-12-16,HUM,2.1,25
PAL0607,2006-12-16,HUM,2.2,50
PAL0607,2006-12-16,HUM,4.0,4
PAL0607,2006-12-16,HUM,5.0,22
PAL0607,2006-12-18,HUM,2.1,28
PAL0607,2006-12-18,HUM,2.2,44
PAL0607,2006-12-18,HUM,4.0,3
PAL0607,2006-12-18,HUM,5.0,30
PAL0607,2006-12-20,HUM,2.1,28
PAL0607,2006-12-20,HUM,2.2,48
PAL0607,2006-12-20,HUM,4.0,1
PAL0607,2006-12-20,HUM,5.0,36
PAL0607,2006-12-22,HUM,2.1,32
PAL0607,2006-12-22,HUM,2.2,45
PAL0607,2006-12-22,HUM,4.0,1
PAL0607,2006-12-22,HUM,5.0,40
PAL0607,2006-12-24,HUM,2.1,30
PAL0607,2006-12-24,HUM,2.2,54
PAL0607,2006-12-24,HUM,4.0,1
PAL0607,2006-12-24,HUM,5.0,45
PAL0607,2006-12-26,HUM,2.1,30
PAL0607,2006-12-26,HUM,2.2,42
PAL0607,2006-12-26,HUM,4.0,1
PAL0607,2006-12-26,HUM,5.0,49
PAL0607,2006-12-28,HUM,2.1,44
PAL0607,2006-12-28,HUM,2.2,60
PAL0607,2006-12-28,HUM,4.0,2
PAL0607,2006-12-28,HUM,5.0,60
PAL0607,2006-12-30,HUM,2.1,38
PAL0607,2006-12-30,HUM,2.2,39
PAL0607,2006-12-30,HUM,4.0,4
PAL0607,2006-12-30,HUM,5.0,45
PAL0607,2007-01-01,HUM,2.1,33
PAL0607,2007-01-01,HUM,2.2,42
PAL0607,2007-01-01,HUM,4.0,2
PAL0607,2007-01-01,HUM,5.0,53
PAL0607,2007-01-04,HUM,2.1,33
PAL0607,2007-01-04,HUM,2.2,44
PAL0607,2007-01-04,HUM,4.0,3
PAL0607,2007-01-04,HUM,5.0,59
PAL0607,2007-01-09,HUM,2.1,35
PAL0607,2007-01-09,HUM,2.2,44
PAL0607,2007-01-09,HUM,4.0,4
PAL0607,2007-01-09,HUM,5.0,46
PAL0607,2007-01-14,HUM,2.1,32
PAL0607,2007-01-14,HUM,2.2,38
PAL0607,2007-01-14,HUM,4.0,3
PAL0607,2007-01-14,HUM,5.0,43
PAL0607,2007-01-19,HUM,2.1,35
PAL0607,2007-01-19,HUM,2.2,40
PAL0607,2007-01-19,HUM,5.0,48
PAL0607,2007-01-24,HUM,2.1,24
PAL0607,2007-01-24,HUM,2.2,27
PAL0607,2007-01-24,HUM,4.0,0
PAL0607,2007-01-24,HUM,5.0,29
PAL0607,2007-01-29,HUM,2.1,14
PAL0607,2007-01-29,HUM,2.2,21
PAL0607,2007-01-29,HUM,5.0,19
PAL0607,2007-02-03,HUM,2.1,1
PAL0607,2007-02-03,HUM,2.2,9
PAL0607,2007-02-03,HUM,5.0,7
PAL0607,2007-02-08,HUM,2.1,0
PAL0607,2007-02-08,HUM,2.2,0
PAL0607,2007-02-08,HUM,5.0,0
PAL0607,2007-02-13,HUM,2.1,0
PAL0607,2007-02-13,HUM,2.2,0
PAL0607,2007-02-13,HUM,4.0,0
PAL0607,2007-02-13,HUM,5.0,0
PAL0708,2007-10-16,HUM,2.1,0
PAL0708,2007-10-16,HUM,2.2,5
PAL0708,2007-10-16,HUM,4.0,0
PAL0708,2007-10-16,HUM,5.0,7
PAL0708,2007-10-18,HUM,2.1,1
PAL0708,2007-10-18,HUM,2.2,15
PAL0708,2007-10-18,HUM,4.0,0
PAL0708,2007-10-18,HUM,5.0,10
PAL0708,2007-10-20,HUM,2.1,9
PAL0708,2007-10-20,HUM,2.2,24
PAL0708,2007-10-20,HUM,4.0,0
PAL0708,2007-10-20,HUM,5.0,19
PAL0708,2007-10-22,HUM,2.1,18
PAL0708,2007-10-22,HUM,2.2,29
PAL0708,2007-10-22,HUM,4.0,0
PAL0708,2007-10-22,HUM,5.0,20
PAL0708,2007-10-25,HUM,2.1,28
PAL0708,2007-10-25,HUM,2.2,46
PAL0708,2007-10-25,HUM,4.0,0
PAL0708,2007-10-25,HUM,5.0,41
PAL0708,2007-10-27,HUM,2.1,33
PAL0708,2007-10-27,HUM,2.2,53
PAL0708,2007-10-27,HUM,4.0,2
PAL0708,2007-10-27,HUM,5.0,44
PAL0708,2007-10-29,HUM,2.1,36
PAL0708,2007-10-29,HUM,2.2,49
PAL0708,2007-10-29,HUM,4.0,5
PAL0708,2007-10-29,HUM,5.0,56
PAL0708,2007-11-01,HUM,2.1,43
PAL0708,2007-11-01,HUM,2.2,61
PAL0708,2007-11-01,HUM,4.0,5
PAL0708,2007-11-01,HUM,5.0,64
PAL0708,2007-11-03,HUM,2.1,47
PAL0708,2007-11-03,HUM,2.2,65
PAL0708,2007-11-03,HUM,4.0,3
PAL0708,2007-11-03,HUM,5.0,64
PAL0708,2007-11-04,HUM,2.1,47
PAL0708,2007-11-04,HUM,2.2,62
PAL0708,2007-11-04,HUM,4.0,3
PAL0708,2007-11-04,HUM,5.0,63
PAL0708,2007-11-06,HUM,2.1,46
PAL0708,2007-11-06,HUM,2.2,64
PAL0708,2007-11-06,HUM,4.0,4
PAL0708,2007-11-06,HUM,5.0,64
PAL0708,2007-11-08,HUM,2.1,47
PAL0708,2007-11-08,HUM,2.2,65
PAL0708,2007-11-08,HUM,4.0,3
PAL0708,2007-11-08,HUM,5.0,68
PAL0708,2007-11-10,HUM,2.1,47
PAL0708,2007-11-10,HUM,2.2,63
PAL0708,2007-11-10,HUM,4.0,2
PAL0708,2007-11-10,HUM,5.0,65
PAL0708,2007-11-12,HUM,2.1,46
PAL0708,2007-11-12,HUM,2.2,62
PAL0708,2007-11-12,HUM,4.0,3
PAL0708,2007-11-12,HUM,5.0,65
PAL0708,2007-11-14,HUM,2.1,46
PAL0708,2007-11-14,HUM,2.2,56
PAL0708,2007-11-14,HUM,4.0,0
PAL0708,2007-11-14,HUM,5.0,62
PAL0708,2007-11-16,HUM,2.1,38
PAL0708,2007-11-16,HUM,2.2,53
PAL0708,2007-11-16,HUM,4.0,1
PAL0708,2007-11-16,HUM,5.0,52
PAL0708,2007-11-19,HUM,2.1,30
PAL0708,2007-11-19,HUM,2.2,41
PAL0708,2007-11-19,HUM,4.0,0
PAL0708,2007-11-19,HUM,5.0,43
PAL0708,2007-11-25,HUM,2.1,31
PAL0708,2007-11-25,HUM,2.2,38
PAL0708,2007-11-25,HUM,4.0,0
PAL0708,2007-11-25,HUM,5.0,40
PAL0708,2007-12-02,HUM,2.1,22
PAL0708,2007-12-02,HUM,2.2,37
PAL0708,2007-12-02,HUM,4.0,0
PAL0708,2007-12-02,HUM,5.0,36
PAL0708,2007-12-08,HUM,2.1,26
PAL0708,2007-12-08,HUM,2.2,38
PAL0708,2007-12-08,HUM,4.0,0
PAL0708,2007-12-08,HUM,5.0,30
PAL0708,2007-12-13,HUM,2.1,22
PAL0708,2007-12-13,HUM,2.2,37
PAL0708,2007-12-13,HUM,4.0,0
PAL0708,2007-12-13,HUM,5.0,33
PAL0708,2007-12-18,HUM,2.1,17
PAL0708,2007-12-18,HUM,2.2,44
PAL0708,2007-12-18,HUM,4.0,0
PAL0708,2007-12-18,HUM,5.0,43
PAL0708,2007-12-23,HUM,2.1,24
PAL0708,2007-12-23,HUM,2.2,41
PAL0708,2007-12-23,HUM,4.0,0
PAL0708,2007-12-23,HUM,5.0,43
PAL0708,2007-12-29,HUM,2.1,28
PAL0708,2007-12-29,HUM,2.2,43
PAL0708,2007-12-29,HUM,4.0,0
PAL0708,2007-12-29,HUM,5.0,50
PAL0708,2008-01-02,HUM,2.1,26
PAL0708,2008-01-02,HUM,2.2,40
PAL0708,2008-01-02,HUM,4.0,1
PAL0708,2008-01-02,HUM,5.0,46
PAL0708,2008-01-07,HUM,2.1,32
PAL0708,2008-01-07,HUM,2.2,38
PAL0708,2008-01-07,HUM,4.0,0
PAL0708,2008-01-07,HUM,5.0,43
PAL0708,2008-01-13,HUM,2.1,24
PAL0708,2008-01-13,HUM,2.2,42
PAL0708,2008-01-13,HUM,4.0,0
PAL0708,2008-01-13,HUM,5.0,36
PAL0708,2008-01-18,HUM,2.1,28
PAL0708,2008-01-18,HUM,2.2,41
PAL0708,2008-01-18,HUM,4.0,0
PAL0708,2008-01-18,HUM,5.0,37
PAL0708,2008-01-23,HUM,2.1,32
PAL0708,2008-01-23,HUM,2.2,31
PAL0708,2008-01-23,HUM,4.0,0
PAL0708,2008-01-23,HUM,5.0,34
PAL0708,2008-01-28,HUM,2.1,19
PAL0708,2008-01-28,HUM,2.2,31
PAL0708,2008-01-28,HUM,4.0,0
PAL0708,2008-01-28,HUM,5.0,31
PAL0708,2008-02-02,HUM,2.1,6
PAL0708,2008-02-02,HUM,2.2,5
PAL0708,2008-02-02,HUM,4.0,0
PAL0708,2008-02-02,HUM,5.0,11
PAL0708,2008-02-07,HUM,2.1,1
PAL0708,2008-02-07,HUM,2.2,6
PAL0708,2008-02-07,HUM,4.0,0
PAL0708,2008-02-07,HUM,5.0,7
PAL0708,2008-02-12,HUM,2.1,0
PAL0708,2008-02-12,HUM,2.2,0
PAL0708,2008-02-12,HUM,4.0,0
PAL0708,2008-02-12,HUM,5.0,2
PAL0708,2008-02-17,HUM,2.1,0
PAL0708,2008-02-17,HUM,2.2,0
PAL0708,2008-02-17,HUM,4.0,0
PAL0708,2008-02-17,HUM,5.0,2
PAL0809,2008-10-24,HUM,2.1,31
PAL0809,2008-10-24,HUM,2.2,60
PAL0809,2008-10-24,HUM,4.0,0
PAL0809,2008-10-24,HUM,5.0,44
PAL0809,2008-10-26,HUM,2.1,36
PAL0809,2008-10-26,HUM,2.2,62
PAL0809,2008-10-26,HUM,4.0,0
PAL0809,2008-10-26,HUM,5.0,48
PAL0809,2008-10-28,HUM,2.1,36
PAL0809,2008-10-28,HUM,2.2,63
PAL0809,2008-10-28,HUM,4.0,0
PAL0809,2008-10-28,HUM,5.0,53
PAL0809,2008-10-30,HUM,2.1,36
PAL0809,2008-10-30,HUM,2.2,63
PAL0809,2008-10-30,HUM,4.0,0
PAL0809,2008-10-30,HUM,5.0,54
PAL0809,2008-11-01,HUM,2.1,38
PAL0809,2008-11-01,HUM,2.2,64
PAL0809,2008-11-01,HUM,4.0,0
PAL0809,2008-11-01,HUM,5.0,58
PAL0809,2008-11-04,HUM,2.1,42
PAL0809,2008-11-04,HUM,2.2,64
PAL0809,2008-11-04,HUM,4.0,0
PAL0809,2008-11-04,HUM,5.0,55
PAL0809,2008-11-05,HUM,2.1,44
PAL0809,2008-11-05,HUM,2.2,63
PAL0809,2008-11-05,HUM,4.0,0
PAL0809,2008-11-05,HUM,5.0,55
PAL0809,2008-11-07,HUM,2.1,39
PAL0809,2008-11-07,HUM,2.2,62
PAL0809,2008-11-07,HUM,4.0,0
PAL0809,2008-11-07,HUM,5.0,56
PAL0809,2008-11-09,HUM,2.1,38
PAL0809,2008-11-09,HUM,2.2,63
PAL0809,2008-11-09,HUM,4.0,0
PAL0809,2008-11-09,HUM,5.0,56
PAL0809,2008-11-11,HUM,2.1,39
PAL0809,2008-11-11,HUM,2.2,63
PAL0809,2008-11-11,HUM,4.0,0
PAL0809,2008-11-11,HUM,5.0,52
PAL0809,2008-11-13,HUM,2.1,32
PAL0809,2008-11-13,HUM,2.2,51
PAL0809,2008-11-13,HUM,4.0,0
PAL0809,2008-11-13,HUM,5.0,47
PAL0809,2008-11-15,HUM,2.1,27
PAL0809,2008-11-15,HUM,2.2,44
PAL0809,2008-11-15,HUM,4.0,0
PAL0809,2008-11-15,HUM,5.0,42
PAL0809,2008-11-16,HUM,2.1,25
PAL0809,2008-11-16,HUM,2.2,41
PAL0809,2008-11-16,HUM,4.0,0
PAL0809,2008-11-16,HUM,5.0,38
PAL0809,2008-11-23,HUM,2.1,27
PAL0809,2008-11-23,HUM,2.2,40
PAL0809,2008-11-23,HUM,4.0,0
PAL0809,2008-11-23,HUM,5.0,32
PAL0809,2008-11-28,HUM,2.1,24
PAL0809,2008-11-28,HUM,2.2,38
PAL0809,2008-11-28,HUM,4.0,1
PAL0809,2008-11-28,HUM,5.0,29
PAL0809,2008-12-04,HUM,2.1,20
PAL0809,2008-12-04,HUM,2.2,43
PAL0809,2008-12-04,HUM,4.0,0
PAL0809,2008-12-04,HUM,5.0,25
PAL0809,2008-12-10,HUM,2.1,26
PAL0809,2008-12-10,HUM,2.2,46
PAL0809,2008-12-10,HUM,4.0,0
PAL0809,2008-12-10,HUM,5.0,34
PAL0809,2008-12-15,HUM,2.1,29
PAL0809,2008-12-15,HUM,2.2,56
PAL0809,2008-12-15,HUM,4.0,0
PAL0809,2008-12-15,HUM,5.0,35
PAL0809,2008-12-20,HUM,2.1,32
PAL0809,2008-12-20,HUM,2.2,67
PAL0809,2008-12-20,HUM,4.0,0
PAL0809,2008-12-20,HUM,5.0,41
PAL0809,2008-12-26,HUM,2.1,26
PAL0809,2008-12-26,HUM,2.2,44
PAL0809,2008-12-26,HUM,4.0,0
PAL0809,2008-12-26,HUM,5.0,30
PAL0809,2009-01-01,HUM,2.1,26
PAL0809,2009-01-01,HUM,2.2,41
PAL0809,2009-01-01,HUM,4.0,0
PAL0809,2009-01-01,HUM,5.0,29
PAL0809,2009-01-05,HUM,2.1,25
PAL0809,2009-01-05,HUM,2.2,44
PAL0809,2009-01-05,HUM,4.0,0
PAL0809,2009-01-05,HUM,5.0,30
PAL0809,2009-01-10,HUM,2.1,49
PAL0809,2009-01-10,HUM,2.2,54
PAL0809,2009-01-10,HUM,4.0,0
PAL0809,2009-01-10,HUM,5.0,45
PAL0809,2009-01-15,HUM,2.1,28
PAL0809,2009-01-15,HUM,2.2,38
PAL0809,2009-01-15,HUM,4.0,0
PAL0809,2009-01-15,HUM,5.0,28
PAL0809,2009-01-20,HUM,2.1,30
PAL0809,2009-01-20,HUM,2.2,45
PAL0809,2009-01-20,HUM,4.0,0
PAL0809,2009-01-20,HUM,5.0,32
PAL0809,2009-01-25,HUM,2.1,17
PAL0809,2009-01-25,HUM,2.2,20
PAL0809,2009-01-25,HUM,4.0,0
PAL0809,2009-01-25,HUM,5.0,13
PAL0809,2009-01-30,HUM,2.1,14
PAL0809,2009-01-30,HUM,2.2,16
PAL0809,2009-01-30,HUM,4.0,0
PAL0809,2009-01-30,HUM,5.0,11
PAL0809,2009-02-04,HUM,2.1,1
PAL0809,2009-02-04,HUM,2.2,4
PAL0809,2009-02-04,HUM,4.0,0
PAL0809,2009-02-04,HUM,5.0,0
PAL0809,2009-02-09,HUM,2.1,0
PAL0809,2009-02-09,HUM,2.2,0
PAL0809,2009-02-09,HUM,4.0,0
PAL0809,2009-02-09,HUM,5.0,0
PAL0809,2009-02-14,HUM,2.1,0
PAL0809,2009-02-14,HUM,2.2,0
PAL0809,2009-02-14,HUM,4.0,0
PAL0809,2009-02-14,HUM,5.0,0
PAL0809,2009-02-20,HUM,2.1,0
PAL0809,2009-02-20,HUM,2.2,0
PAL0809,2009-02-20,HUM,4.0,0
PAL0809,2009-02-20,HUM,5.0,0
PAL0910,2009-10-23,HUM,2.1,18
PAL0910,2009-10-23,HUM,2.2,37
PAL0910,2009-10-23,HUM,4.0,0
PAL0910,2009-10-23,HUM,5.0,24
PAL0910,2009-10-25,HUM,2.1,19
PAL0910,2009-10-25,HUM,2.2,40
PAL0910,2009-10-25,HUM,4.0,0
PAL0910,2009-10-25,HUM,5.0,31
PAL0910,2009-10-28,HUM,2.1,29
PAL0910,2009-10-28,HUM,2.2,57
PAL0910,2009-10-28,HUM,4.0,0
PAL0910,2009-10-28,HUM,5.0,36
PAL0910,2009-11-02,HUM,2.1,39
PAL0910,2009-11-02,HUM,2.2,63
PAL0910,2009-11-02,HUM,4.0,0
PAL0910,2009-11-02,HUM,5.0,39
PAL0910,2009-11-04,HUM,2.1,40
PAL0910,2009-11-04,HUM,2.2,61
PAL0910,2009-11-04,HUM,4.0,0
PAL0910,2009-11-04,HUM,5.0,40
PAL0910,2009-11-06,HUM,2.1,39
PAL0910,2009-11-06,HUM,2.2,61
PAL0910,2009-11-06,HUM,4.0,0
PAL0910,2009-11-06,HUM,5.0,43
PAL0910,2009-11-07,HUM,2.1,39
PAL0910,2009-11-07,HUM,2.2,63
PAL0910,2009-11-07,HUM,4.0,0
PAL0910,2009-11-07,HUM,5.0,42
PAL0910,2009-11-09,HUM,2.1,40
PAL0910,2009-11-09,HUM,2.2,66
PAL0910,2009-11-09,HUM,4.0,1
PAL0910,2009-11-09,HUM,5.0,40
PAL0910,2009-11-11,HUM,2.1,40
PAL0910,2009-11-11,HUM,2.2,64
PAL0910,2009-11-11,HUM,4.0,2
PAL0910,2009-11-11,HUM,5.0,42
PAL0910,2009-11-12,HUM,2.1,38
PAL0910,2009-11-12,HUM,2.2,64
PAL0910,2009-11-12,HUM,4.0,0
PAL0910,2009-11-12,HUM,5.0,43
PAL0910,2009-11-14,HUM,2.1,41
PAL0910,2009-11-14,HUM,2.2,71
PAL0910,2009-11-14,HUM,4.0,0
PAL0910,2009-11-14,HUM,5.0,42
PAL0910,2009-11-16,HUM,2.1,36
PAL0910,2009-11-16,HUM,2.2,62
PAL0910,2009-11-16,HUM,4.0,0
PAL0910,2009-11-16,HUM,5.0,37
PAL0910,2009-11-18,HUM,2.1,38
PAL0910,2009-11-18,HUM,2.2,58
PAL0910,2009-11-18,HUM,4.0,0
PAL0910,2009-11-18,HUM,5.0,37
PAL0910,2009-11-21,HUM,2.1,31
PAL0910,2009-11-21,HUM,2.2,48
PAL0910,2009-11-21,HUM,4.0,0
PAL0910,2009-11-21,HUM,5.0,31
PAL0910,2009-11-26,HUM,2.1,24
PAL0910,2009-11-26,HUM,2.2,39
PAL0910,2009-11-26,HUM,4.0,0
PAL0910,2009-11-26,HUM,5.0,29
PAL0910,2009-11-28,HUM,2.1,24
PAL0910,2009-11-28,HUM,2.2,44
PAL0910,2009-11-28,HUM,4.0,0
PAL0910,2009-11-28,HUM,5.0,25
PAL0910,2009-12-03,HUM,2.1,19
PAL0910,2009-12-03,HUM,2.2,32
PAL0910,2009-12-03,HUM,4.0,0
PAL0910,2009-12-03,HUM,5.0,18
PAL0910,2009-12-08,HUM,2.1,19
PAL0910,2009-12-08,HUM,2.2,34
PAL0910,2009-12-08,HUM,4.0,0
PAL0910,2009-12-08,HUM,5.0,19
PAL0910,2009-12-13,HUM,2.1,19
PAL0910,2009-12-13,HUM,2.2,34
PAL0910,2009-12-13,HUM,4.0,0
PAL0910,2009-12-13,HUM,5.0,22
PAL0910,2009-12-19,HUM,2.1,24
PAL0910,2009-12-19,HUM,2.2,49
PAL0910,2009-12-19,HUM,4.0,0
PAL0910,2009-12-19,HUM,5.0,27
PAL0910,2009-12-24,HUM,2.1,19
PAL0910,2009-12-24,HUM,2.2,46
PAL0910,2009-12-24,HUM,4.0,0
PAL0910,2009-12-24,HUM,5.0,26
PAL0910,2009-12-29,HUM,2.1,28
PAL0910,2009-12-29,HUM,2.2,43
PAL0910,2009-12-29,HUM,4.0,0
PAL0910,2009-12-29,HUM,5.0,29
PAL0910,2010-01-02,HUM,2.1,22
PAL0910,2010-01-02,HUM,2.2,39
PAL0910,2010-01-02,HUM,4.0,0
PAL0910,2010-01-02,HUM,5.0,29
PAL0910,2010-01-07,HUM,2.1,20
PAL0910,2010-01-07,HUM,2.2,42
PAL0910,2010-01-07,HUM,4.0,0
PAL0910,2010-01-07,HUM,5.0,30
PAL0910,2010-01-12,HUM,2.1,28
PAL0910,2010-01-12,HUM,2.2,39
PAL0910,2010-01-12,HUM,4.0,0
PAL0910,2010-01-12,HUM,5.0,25
PAL0910,2010-01-18,HUM,2.1,19
PAL0910,2010-01-18,HUM,2.2,40
PAL0910,2010-01-18,HUM,4.0,0
PAL0910,2010-01-18,HUM,5.0,26
PAL0910,2010-01-23,HUM,2.1,23
PAL0910,2010-01-23,HUM,2.2,32
PAL0910,2010-01-23,HUM,4.0,0
PAL0910,2010-01-23,HUM,5.0,24
PAL0910,2010-01-26,HUM,2.1,15
PAL0910,2010-01-26,HUM,2.2,35
PAL0910,2010-01-26,HUM,4.0,0
PAL0910,2010-01-26,HUM,5.0,17
PAL0910,2010-01-31,HUM,2.1,8
PAL0910,2010-01-31,HUM,2.2,11
PAL0910,2010-01-31,HUM,4.0,0
PAL0910,2010-01-31,HUM,5.0,7
PAL0910,2010-02-04,HUM,2.1,5
PAL0910,2010-02-04,HUM,2.2,6
PAL0910,2010-02-04,HUM,4.0,0
PAL0910,2010-02-04,HUM,5.0,9
PAL0910,2010-02-10,HUM,2.1,0
PAL0910,2010-02-10,HUM,2.2,4
PAL0910,2010-02-10,HUM,4.0,0
PAL0910,2010-02-10,HUM,5.0,1
PAL0910,2010-02-16,HUM,2.1,0
PAL0910,2010-02-16,HUM,2.2,0
PAL0910,2010-02-16,HUM,4.0,0
PAL0910,2010-02-16,HUM,5.0,0
PAL0910,2010-02-22,HUM,2.1,0
PAL0910,2010-02-22,HUM,2.2,0
PAL0910,2010-02-22,HUM,4.0,0
PAL0910,2010-02-22,HUM,5.0,0
PAL1011,2010-10-19,HUM,2.1,5
PAL1011,2010-10-19,HUM,2.2,22
PAL1011,2010-10-19,HUM,4.0,0
PAL1011,2010-10-19,HUM,5.0,12
PAL1011,2010-10-21,HUM,2.1,9
PAL1011,2010-10-21,HUM,2.2,41
PAL1011,2010-10-21,HUM,4.0,0
PAL1011,2010-10-21,HUM,5.0,22
PAL1011,2010-10-23,HUM,2.1,12
PAL1011,2010-10-23,HUM,2.2,49
PAL1011,2010-10-23,HUM,4.0,0
PAL1011,2010-10-23,HUM,5.0,27
PAL1011,2010-10-25,HUM,2.1,21
PAL1011,2010-10-25,HUM,2.2,50
PAL1011,2010-10-25,HUM,4.0,0
PAL1011,2010-10-25,HUM,5.0,28
PAL1011,2010-10-28,HUM,2.1,26
PAL1011,2010-10-28,HUM,2.2,56
PAL1011,2010-10-28,HUM,4.0,0
PAL1011,2010-10-28,HUM,5.0,32
PAL1011,2010-10-31,HUM,2.1,30
PAL1011,2010-10-31,HUM,2.2,58
PAL1011,2010-10-31,HUM,4.0,0
PAL1011,2010-10-31,HUM,5.0,34
PAL1011,2010-11-02,HUM,2.1,33
PAL1011,2010-11-02,HUM,2.2,58
PAL1011,2010-11-02,HUM,4.0,0
PAL1011,2010-11-02,HUM,5.0,5
PAL1011,2010-11-04,HUM,2.1,32
PAL1011,2010-11-04,HUM,2.2,60
PAL1011,2010-11-04,HUM,4.0,0
PAL1011,2010-11-04,HUM,5.0,38
PAL1011,2010-11-06,HUM,2.1,32
PAL1011,2010-11-06,HUM,2.2,61
PAL1011,2010-11-06,HUM,4.0,0
PAL1011,2010-11-06,HUM,5.0,39
PAL1011,2010-11-08,HUM,2.1,31
PAL1011,2010-11-08,HUM,2.2,60
PAL1011,2010-11-08,HUM,4.0,0
PAL1011,2010-11-08,HUM,5.0,37
PAL1011,2010-11-10,HUM,2.1,31
PAL1011,2010-11-10,HUM,2.2,60
PAL1011,2010-11-10,HUM,4.0,0
PAL1011,2010-11-10,HUM,5.0,38
PAL1011,2010-11-13,HUM,2.1,30
PAL1011,2010-11-13,HUM,2.2,57
PAL1011,2010-11-13,HUM,4.0,0
PAL1011,2010-11-13,HUM,5.0,34
PAL1011,2010-11-15,HUM,2.2,49
PAL1011,2010-11-15,HUM,4.0,0
PAL1011,2010-11-15,HUM,5.0,30
PAL1011,2010-11-16,HUM,2.1,23
PAL1011,2010-11-17,HUM,2.1,24
PAL1011,2010-11-17,HUM,2.2,42
PAL1011,2010-11-17,HUM,4.0,0
PAL1011,2010-11-17,HUM,5.0,30
PAL1011,2010-11-19,HUM,2.1,22
PAL1011,2010-11-19,HUM,2.2,35
PAL1011,2010-11-19,HUM,4.0,0
PAL1011,2010-11-19,HUM,5.0,28
PAL1011,2010-11-24,HUM,2.1,25
PAL1011,2010-11-24,HUM,2.2,34
PAL1011,2010-11-24,HUM,4.0,0
PAL1011,2010-11-24,HUM,5.0,18
PAL1011,2010-11-28,HUM,2.1,15
PAL1011,2010-11-28,HUM,2.2,32
PAL1011,2010-11-28,HUM,4.0,0
PAL1011,2010-11-28,HUM,5.0,17
PAL1011,2010-12-03,HUM,2.1,13
PAL1011,2010-12-03,HUM,2.2,26
PAL1011,2010-12-03,HUM,4.0,0
PAL1011,2010-12-03,HUM,5.0,16
PAL1011,2010-12-08,HUM,2.1,13
PAL1011,2010-12-08,HUM,2.2,35
PAL1011,2010-12-08,HUM,4.0,0
PAL1011,2010-12-08,HUM,5.0,17
PAL1011,2010-12-13,HUM,2.1,17
PAL1011,2010-12-13,HUM,2.2,46
PAL1011,2010-12-13,HUM,4.0,0
PAL1011,2010-12-13,HUM,5.0,18
PAL1011,2010-12-18,HUM,2.1,17
PAL1011,2010-12-18,HUM,2.2,46
PAL1011,2010-12-18,HUM,4.0,0
PAL1011,2010-12-18,HUM,5.0,24
PAL1011,2010-12-23,HUM,2.1,20
PAL1011,2010-12-23,HUM,2.2,35
PAL1011,2010-12-23,HUM,4.0,0
PAL1011,2010-12-23,HUM,5.0,28
PAL1011,2010-12-28,HUM,2.1,18
PAL1011,2010-12-28,HUM,2.2,40
PAL1011,2010-12-28,HUM,4.0,0
PAL1011,2010-12-28,HUM,5.0,24
PAL1011,2011-01-02,HUM,2.1,13
PAL1011,2011-01-02,HUM,2.2,37
PAL1011,2011-01-02,HUM,4.0,0
PAL1011,2011-01-02,HUM,5.0,23
PAL1011,2011-01-07,HUM,2.1,18
PAL1011,2011-01-07,HUM,2.2,38
PAL1011,2011-01-07,HUM,4.0,0
PAL1011,2011-01-07,HUM,5.0,26
PAL1011,2011-01-12,HUM,2.1,15
PAL1011,2011-01-12,HUM,2.2,33
PAL1011,2011-01-12,HUM,4.0,0
PAL1011,2011-01-12,HUM,5.0,26
PAL1011,2011-01-18,HUM,2.1,19
PAL1011,2011-01-18,HUM,2.2,33
PAL1011,2011-01-18,HUM,4.0,0
PAL1011,2011-01-18,HUM,5.0,24
PAL1011,2011-01-23,HUM,2.1,15
PAL1011,2011-01-23,HUM,2.2,31
PAL1011,2011-01-23,HUM,4.0,0
PAL1011,2011-01-23,HUM,5.0,21
PAL1011,2011-01-30,HUM,2.1,1
PAL1011,2011-01-30,HUM,2.2,9
PAL1011,2011-01-30,HUM,4.0,0
PAL1011,2011-01-30,HUM,5.0,6
PAL1011,2011-02-04,HUM,2.1,0
PAL1011,2011-02-04,HUM,2.2,0
PAL1011,2011-02-04,HUM,4.0,0
PAL1011,2011-02-04,HUM,5.0,0
PAL1011,2011-02-09,HUM,2.1,0
PAL1011,2011-02-09,HUM,2.2,1
PAL1011,2011-02-09,HUM,4.0,0
PAL1011,2011-02-09,HUM,5.0,0
PAL1011,2011-02-15,HUM,2.1,0
PAL1011,2011-02-15,HUM,2.2,0
PAL1011,2011-02-15,HUM,4.0,0
PAL1011,2011-02-15,HUM,5.0,0
PAL1112,2011-11-10,HUM,2.1,32
PAL1112,2011-11-10,HUM,2.2,58
PAL1112,2011-11-10,HUM,4.0,0
PAL1112,2011-11-10,HUM,5.0,30
PAL1112,2011-11-12,HUM,2.1,29
PAL1112,2011-11-12,HUM,2.2,60
PAL1112,2011-11-12,HUM,4.0,0
PAL1112,2011-11-12,HUM,5.0,29
PAL1112,2011-11-14,HUM,2.1,25
PAL1112,2011-11-14,HUM,2.2,55
PAL1112,2011-11-14,HUM,4.0,0
PAL1112,2011-11-14,HUM,5.0,28
PAL1112,2011-11-16,HUM,2.1,20
PAL1112,2011-11-16,HUM,2.2,51
PAL1112,2011-11-16,HUM,4.0,0
PAL1112,2011-11-16,HUM,5.0,23
PAL1112,2011-11-18,HUM,2.1,20
PAL1112,2011-11-18,HUM,2.2,35
PAL1112,2011-11-18,HUM,4.0,0
PAL1112,2011-11-18,HUM,5.0,20
PAL1112,2011-11-20,HUM,2.1,17
PAL1112,2011-11-20,HUM,2.2,33
PAL1112,2011-11-20,HUM,4.0,0
PAL1112,2011-11-20,HUM,5.0,17
PAL1112,2011-11-25,HUM,2.1,13
PAL1112,2011-11-25,HUM,2.2,37
PAL1112,2011-11-25,HUM,4.0,0
PAL1112,2011-11-25,HUM,5.0,18
PAL1112,2011-12-06,HUM,2.1,10
PAL1112,2011-12-06,HUM,2.2,28
PAL1112,2011-12-06,HUM,4.0,0
PAL1112,2011-12-06,HUM,5.0,12
PAL1112,2011-12-11,HUM,2.1,9
PAL1112,2011-12-11,HUM,2.2,29
PAL1112,2011-12-11,HUM,4.0,0
PAL1112,2011-12-11,HUM,5.0,12
PAL1112,2011-12-17,HUM,2.1,12
PAL1112,2011-12-17,HUM,2.2,30
PAL1112,2011-12-17,HUM,4.0,0
PAL1112,2011-12-17,HUM,5.0,12
PAL1112,2011-12-22,HUM,2.1,15
PAL1112,2011-12-22,HUM,2.2,41
PAL1112,2011-12-22,HUM,4.0,0
PAL1112,2011-12-22,HUM,5.0,5
PAL1112,2011-12-30,HUM,2.1,20
PAL1112,2011-12-30,HUM,2.2,44
PAL1112,2011-12-30,HUM,4.0,0
PAL1112,2011-12-30,HUM,5.0,17
PAL1112,2012-01-04,HUM,2.1,25
PAL1112,2012-01-04,HUM,2.2,42
PAL1112,2012-01-04,HUM,4.0,0
PAL1112,2012-01-04,HUM,5.0,19
PAL1112,2012-01-09,HUM,2.1,21
PAL1112,2012-01-09,HUM,2.2,36
PAL1112,2012-01-09,HUM,4.0,0
PAL1112,2012-01-09,HUM,5.0,19
PAL1112,2012-01-14,HUM,2.1,19
PAL1112,2012-01-14,HUM,2.2,36
PAL1112,2012-01-14,HUM,4.0,0
PAL1112,2012-01-14,HUM,5.0,20
PAL1112,2012-01-19,HUM,2.1,19
PAL1112,2012-01-19,HUM,2.2,31
PAL1112,2012-01-19,HUM,4.0,0
PAL1112,2012-01-19,HUM,5.0,12
PAL1112,2012-01-24,HUM,2.1,13
PAL1112,2012-01-24,HUM,2.2,31
PAL1112,2012-01-24,HUM,4.0,0
PAL1112,2012-01-24,HUM,5.0,11
PAL1112,2012-01-30,HUM,2.1,10
PAL1112,2012-01-30,HUM,2.2,23
PAL1112,2012-01-30,HUM,4.0,0
PAL1112,2012-01-30,HUM,5.0,10
PAL1112,2012-02-05,HUM,2.1,2
PAL1112,2012-02-05,HUM,2.2,12
PAL1112,2012-02-05,HUM,4.0,0
PAL1112,2012-02-05,HUM,5.0,9
PAL1112,2012-02-12,HUM,2.1,0
PAL1112,2012-02-12,HUM,2.2,0
PAL1112,2012-02-12,HUM,4.0,0
PAL1112,2012-02-12,HUM,5.0,0
PAL1112,2012-02-17,HUM,2.1,0
PAL1112,2012-02-17,HUM,2.2,0
PAL1112,2012-02-17,HUM,4.0,0
PAL1112,2012-02-17,HUM,5.0,0
PAL1213,2012-10-27,HUM,2.1,26
PAL1213,2012-10-27,HUM,2.2,54
PAL1213,2012-10-27,HUM,4.0,0
PAL1213,2012-10-27,HUM,5.0,26
PAL1213,2012-10-29,HUM,2.1,27
PAL1213,2012-10-29,HUM,2.2,56
PAL1213,2012-10-29,HUM,4.0,0
PAL1213,2012-10-29,HUM,5.0,29
PAL1213,2012-10-31,HUM,2.1,29
PAL1213,2012-10-31,HUM,2.2,57
PAL1213,2012-10-31,HUM,4.0,0
PAL1213,2012-10-31,HUM,5.0,30
PAL1213,2012-11-02,HUM,2.1,31
PAL1213,2012-11-02,HUM,2.2,55
PAL1213,2012-11-02,HUM,4.0,0
PAL1213,2012-11-02,HUM,5.0,28
PAL1213,2012-11-07,HUM,2.1,32
PAL1213,2012-11-07,HUM,2.2,53
PAL1213,2012-11-07,HUM,4.0,0
PAL1213,2012-11-07,HUM,5.0,29
PAL1213,2012-11-09,HUM,2.1,33
PAL1213,2012-11-09,HUM,2.2,51
PAL1213,2012-11-09,HUM,4.0,0
PAL1213,2012-11-09,HUM,5.0,32
PAL1213,2012-11-14,HUM,2.1,44
PAL1213,2012-11-14,HUM,2.2,52
PAL1213,2012-11-14,HUM,5.0,33
PAL1213,2012-11-16,HUM,2.1,45
PAL1213,2012-11-16,HUM,2.2,53
PAL1213,2012-11-16,HUM,5.0,30
PAL1213,2012-11-18,HUM,2.1,34
PAL1213,2012-11-18,HUM,2.2,26
PAL1213,2012-11-18,HUM,5.0,44
PAL1112,2012-11-20,HUM,1.1,0
PAL1112,2012-11-20,HUM,1.2,0
PAL1112,2012-11-20,HUM,1.3,0
PAL1213,2012-11-20,HUM,2.1,24
PAL1213,2012-11-20,HUM,2.2,37
PAL1213,2012-11-20,HUM,5.0,19
PAL1213,2012-11-22,HUM,2.1,19
PAL1213,2012-11-22,HUM,2.2,29
PAL1213,2012-11-22,HUM,5.0,18
PAL1213,2012-11-25,HUM,2.1,18
PAL1213,2012-11-25,HUM,2.2,29
PAL1213,2012-11-25,HUM,3.0,59
PAL1213,2012-11-25,HUM,5.0,15
PAL1213,2012-11-27,HUM,2.1,19
PAL1213,2012-11-27,HUM,2.2,29
PAL1213,2012-11-27,HUM,5.0,17
PAL1213,2012-11-29,HUM,2.1,17
PAL1213,2012-11-29,HUM,2.2,30
PAL1213,2012-11-29,HUM,5.0,17
PAL1213,2012-12-04,HUM,2.1,17
PAL1213,2012-12-04,HUM,2.2,32
PAL1213,2012-12-04,HUM,5.0,15
PAL1213,2012-12-08,HUM,2.1,19
PAL1213,2012-12-08,HUM,2.2,32
PAL1213,2012-12-08,HUM,5.0,19
PAL1213,2012-12-13,HUM,2.1,18
PAL1213,2012-12-13,HUM,2.2,27
PAL1213,2012-12-13,HUM,5.0,16
PAL1213,2012-12-18,HUM,2.1,23
PAL1213,2012-12-18,HUM,2.2,39
PAL1213,2012-12-18,HUM,5.0,14
PAL1213,2012-12-23,HUM,2.1,31
PAL1213,2012-12-23,HUM,2.2,41
PAL1213,2012-12-23,HUM,5.0,19
PAL1213,2012-12-28,HUM,2.1,36
PAL1213,2012-12-28,HUM,2.2,38
PAL1213,2012-12-28,HUM,5.0,15
PAL1213,2013-01-02,HUM,2.1,28
PAL1213,2013-01-02,HUM,2.2,38
PAL1213,2013-01-02,HUM,5.0,16
PAL1213,2013-01-08,HUM,2.1,27
PAL1213,2013-01-08,HUM,2.2,35
PAL1213,2013-01-08,HUM,5.0,18
PAL1213,2013-01-12,HUM,2.1,18
PAL1213,2013-01-12,HUM,2.2,35
PAL1213,2013-01-12,HUM,5.0,40
PAL1213,2013-01-17,HUM,2.1,32
PAL1213,2013-01-17,HUM,2.2,38
PAL1213,2013-01-17,HUM,5.0,15
PAL1213,2013-01-22,HUM,2.1,26
PAL1213,2013-01-22,HUM,2.2,29
PAL1213,2013-01-22,HUM,5.0,11
PAL1213,2013-01-26,HUM,2.1,25
PAL1213,2013-01-26,HUM,2.2,30
PAL1213,2013-01-26,HUM,5.0,13
PAL1213,2013-02-01,HUM,2.1,14
PAL1213,2013-02-01,HUM,2.2,20
PAL1213,2013-02-01,HUM,5.0,12
PAL1213,2013-02-06,HUM,2.1,11
PAL1213,2013-02-06,HUM,2.2,14
PAL1213,2013-02-06,HUM,5.0,7
PAL1213,2013-02-11,HUM,2.1,0
PAL1213,2013-02-11,HUM,2.2,5
PAL1213,2013-02-11,HUM,5.0,0
PAL1213,2013-02-16,HUM,2.1,0
PAL1213,2013-02-16,HUM,2.2,0
PAL1213,2013-02-16,HUM,5.0,0
PAL1314,2013-11-22,HUM,2.1,26
PAL1314,2013-11-22,HUM,2.2,32
PAL1314,2013-11-22,HUM,5.0,16
PAL1314,2013-11-24,HUM,2.1,23
PAL1314,2013-11-24,HUM,2.2,34
PAL1314,2013-11-24,HUM,5.0,13
PAL1314,2013-12-12,HUM,2.1,14
PAL1314,2013-12-12,HUM,2.2,27
PAL1314,2013-12-12,HUM,5.0,10
PAL1314,2013-12-24,HUM,2.1,17
PAL1314,2013-12-24,HUM,2.2,38
PAL1314,2013-12-24,HUM,5.0,14
PAL1314,2013-12-27,HUM,2.1,19
PAL1314,2013-12-27,HUM,2.2,32
PAL1314,2013-12-27,HUM,5.0,15
PAL1314,2013-12-29,HUM,2.1,20
PAL1314,2013-12-29,HUM,2.2,37
PAL1314,2013-12-29,HUM,5.0,13
PAL1314,2013-12-31,HUM,2.1,21
PAL1314,2013-12-31,HUM,2.2,38
PAL1314,2013-12-31,HUM,5.0,15
PAL1314,2014-01-02,HUM,2.1,20
PAL1314,2014-01-02,HUM,2.2,36
PAL1314,2014-01-02,HUM,5.0,10
PAL1314,2014-01-15,HUM,2.1,15
PAL1314,2014-01-15,HUM,2.2,28
PAL1314,2014-01-15,HUM,5.0,16
PAL1314,2014-01-18,HUM,2.1,14
PAL1314,2014-01-18,HUM,2.2,34
PAL1314,2014-01-18,HUM,5.0,10
PAL1314,2014-01-23,HUM,2.1,9
PAL1314,2014-01-23,HUM,2.2,31
PAL1314,2014-01-23,HUM,5.0,11
PAL1314,2014-01-28,HUM,2.1,13
PAL1314,2014-01-28,HUM,2.2,28
PAL1314,2014-01-28,HUM,5.0,13
PAL1314,2014-02-02,HUM,2.1,12
PAL1314,2014-02-02,HUM,2.2,24
PAL1314,2014-02-02,HUM,5.0,7
PAL1314,2014-02-07,HUM,2.1,6
PAL1314,2014-02-07,HUM,2.2,8
PAL1314,2014-02-07,HUM,5.0,2
PAL1314,2014-02-12,HUM,2.1,0
PAL1314,2014-02-12,HUM,2.2,3
PAL1314,2014-02-12,HUM,5.0,0
PAL1314,2014-02-17,HUM,2.1,0
PAL1314,2014-02-17,HUM,2.2,0
PAL1314,2014-02-17,HUM,5.0,0
PAL1415,2014-11-03,HUM,2.1,35
PAL1415,2014-11-03,HUM,2.2,50
PAL1415,2014-11-03,HUM,5.0,20
PAL1415,2014-11-11,HUM,2.1,31
PAL1415,2014-11-11,HUM,2.2,48
PAL1415,2014-11-11,HUM,5.0,21
PAL1415,2014-11-12,HUM,2.1,35
PAL1415,2014-11-12,HUM,2.2,52
PAL1415,2014-11-12,HUM,5.0,21
PAL1415,2014-11-14,HUM,2.1,32
PAL1415,2014-11-14,HUM,2.2,54
PAL1415,2014-11-14,HUM,5.0,20
PAL1415,2014-11-16,HUM,2.1,30
PAL1415,2014-11-16,HUM,2.2,51
PAL1415,2014-11-16,HUM,5.0,20
PAL1415,2014-11-18,HUM,2.1,26
PAL1415,2014-11-18,HUM,2.2,50
PAL1415,2014-11-18,HUM,5.0,19
PAL1415,2014-11-20,HUM,2.1,26
PAL1415,2014-11-20,HUM,2.2,48
PAL1415,2014-11-20,HUM,5.0,17
PAL1415,2014-11-22,HUM,2.1,21
PAL1415,2014-11-22,HUM,2.2,32
PAL1415,2014-11-22,HUM,5.0,14
PAL1415,2014-11-24,HUM,2.1,17
PAL1415,2014-11-24,HUM,2.2,33
PAL1415,2014-11-24,HUM,5.0,12
PAL1415,2014-11-25,HUM,2.1,18
PAL1415,2014-11-25,HUM,2.2,31
PAL1415,2014-11-25,HUM,5.0,12
PAL1415,2014-11-28,HUM,2.1,16
PAL1415,2014-11-28,HUM,2.2,27
PAL1415,2014-11-28,HUM,5.0,12
PAL1415,2014-11-30,HUM,2.1,19
PAL1415,2014-11-30,HUM,2.2,25
PAL1415,2014-11-30,HUM,5.0,11
PAL1415,2014-12-02,HUM,2.1,15
PAL1415,2014-12-02,HUM,2.2,24
PAL1415,2014-12-02,HUM,5.0,7
PAL1415,2014-12-06,HUM,2.1,18
PAL1415,2014-12-06,HUM,2.2,24
PAL1415,2014-12-06,HUM,5.0,7
PAL1415,2014-12-10,HUM,2.1,18
PAL1415,2014-12-10,HUM,2.2,25
PAL1415,2014-12-10,HUM,5.0,9
PAL1415,2014-12-22,HUM,2.1,18
PAL1415,2014-12-22,HUM,2.2,27
PAL1415,2014-12-22,HUM,5.0,13
PAL1415,2014-12-29,HUM,2.1,20
PAL1415,2014-12-29,HUM,2.2,40
PAL1415,2014-12-29,HUM,5.0,14
PAL1415,2015-01-02,HUM,2.1,23
PAL1415,2015-01-02,HUM,2.2,41
PAL1415,2015-01-02,HUM,5.0,14
PAL1415,2015-01-07,HUM,2.1,28
PAL1415,2015-01-07,HUM,2.2,57
PAL1415,2015-01-07,HUM,5.0,16
PAL1415,2015-01-12,HUM,2.1,30
PAL1415,2015-01-12,HUM,2.2,41
PAL1415,2015-01-12,HUM,5.0,14
PAL1415,2015-01-17,HUM,2.1,20
PAL1415,2015-01-17,HUM,2.2,37
PAL1415,2015-01-17,HUM,5.0,13
PAL1415,2015-01-23,HUM,2.1,24
PAL1415,2015-01-23,HUM,2.2,36
PAL1415,2015-01-23,HUM,5.0,15
PAL1415,2015-01-27,HUM,2.1,4
PAL1415,2015-01-27,HUM,2.2,16
PAL1415,2015-01-27,HUM,5.0,5
PAL1415,2015-02-01,HUM,2.1,2
PAL1415,2015-02-01,HUM,2.2,14
PAL1415,2015-02-01,HUM,5.0,4
PAL1415,2015-02-07,HUM,2.1,0
PAL1415,2015-02-07,HUM,2.2,1
PAL1415,2015-02-07,HUM,5.0,0
PAL1415,2015-02-12,HUM,2.1,1
PAL1415,2015-02-12,HUM,2.2,0
PAL1415,2015-02-12,HUM,5.0,0
PAL1415,2015-02-17,HUM,2.1,0
PAL1415,2015-02-17,HUM,2.2,0
PAL1415,2015-02-17,HUM,5.0,0
PAL1516,2015-11-14,HUM,1.1,0
PAL1516,2015-11-14,HUM,1.2,0
PAL1516,2015-11-14,HUM,1.3,0
PAL1516,2015-11-14,HUM,2.1,27
PAL1516,2015-11-14,HUM,2.2,55
PAL1516,2015-11-14,HUM,4,0
PAL1516,2015-11-14,HUM,5,19
PAL1516,2015-11-16,HUM,2.1,23
PAL1516,2015-11-16,HUM,2.2,24
PAL1516,2015-11-16,HUM,5,17
PAL1516,2015-11-18,HUM,2.1,22
PAL1516,2015-11-18,HUM,2.2,49
PAL1516,2015-11-18,HUM,5,17
PAL1516,2015-11-21,HUM,2.1,19
PAL1516,2015-11-21,HUM,2.2,42
PAL1516,2015-11-21,HUM,5,17
PAL1516,2015-11-23,HUM,2.1,18
PAL1516,2015-11-23,HUM,2.2,37
PAL1516,2015-11-23,HUM,5,14
PAL1516,2015-11-25,HUM,2.1,15
PAL1516,2015-11-25,HUM,2.2,32
PAL1516,2015-11-25,HUM,5,13
PAL1516,2015-11-27,HUM,2.1,17
PAL1516,2015-11-27,HUM,2.2,30
PAL1516,2015-11-27,HUM,5,11
PAL1516,2015-11-29,HUM,2.1,13
PAL1516,2015-11-29,HUM,2.2,32
PAL1516,2015-11-29,HUM,5,10
PAL1516,2015-11-30,HUM,2.1,12
PAL1516,2015-11-30,HUM,2.2,36
PAL1516,2015-11-30,HUM,5,8
PAL1516,2015-12-07,HUM,2.1,12
PAL1516,2015-12-07,HUM,2.2,27
PAL1516,2015-12-07,HUM,5,4
PAL1516,2015-12-12,HUM,2.1,12
PAL1516,2015-12-12,HUM,2.2,26
PAL1516,2015-12-12,HUM,5,4
PAL1516,2015-12-20,HUM,2.1,16
PAL1516,2015-12-20,HUM,2.2,36
PAL1516,2015-12-20,HUM,5,10
PAL1516,2015-12-24,HUM,2.1,16
PAL1516,2015-12-24,HUM,2.2,40
PAL1516,2015-12-24,HUM,5,11
PAL1516,2015-12-29,HUM,2.1,20
PAL1516,2015-12-29,HUM,2.2,38
PAL1516,2015-12-29,HUM,5,14
PAL1516,2016-01-04,HUM,2.1,20
PAL1516,2016-01-04,HUM,2.2,41
PAL1516,2016-01-04,HUM,5,13
PAL1516,2016-01-09,HUM,2.1,15
PAL1516,2016-01-09,HUM,2.2,39
PAL1516,2016-01-09,HUM,5,11
PAL1516,2016-01-12,HUM,2.1,27
PAL1516,2016-01-12,HUM,2.2,39
PAL1516,2016-01-12,HUM,5,15
PAL1516,2016-01-19,HUM,2.1,17
PAL1516,2016-01-19,HUM,2.2,35
PAL1516,2016-01-19,HUM,5,7
PAL1516,2016-01-24,HUM,2.1,18
PAL1516,2016-01-24,HUM,2.2,32
PAL1516,2016-01-24,HUM,5,7
PAL1516,2016-01-31,HUM,2.1,0
PAL1516,2016-01-31,HUM,2.2,5
PAL1516,2016-01-31,HUM,5,3
PAL1516,2016-02-06,HUM,2.1,0
PAL1516,2016-02-06,HUM,2.2,0
PAL1516,2016-02-06,HUM,5,0
PAL1617,2016-11-05,HUM,2.1,24
PAL1617,2016-11-05,HUM,2.2,47
PAL1617,2016-11-05,HUM,5,9
PAL1617,2016-11-14,HUM,2.1,26
PAL1617,2016-11-14,HUM,2.2,47
PAL1617,2016-11-14,HUM,5,10
PAL1617,2016-11-24,HUM,2.1,12
PAL1617,2016-11-24,HUM,2.2,12
PAL1617,2016-11-24,HUM,3,51
PAL1617,2016-11-24,HUM,5,5
PAL1617,2016-11-26,HUM,2.1,12
PAL1617,2016-11-26,HUM,2.2,26
PAL1617,2016-11-26,HUM,3,50
PAL1617,2016-11-26,HUM,5,5
PAL1617,2016-11-28,HUM,2.1,13
PAL1617,2016-11-28,HUM,2.2,29
PAL1617,2016-11-28,HUM,3,54
PAL1617,2016-11-28,HUM,5,5
PAL1617,2016-12-01,HUM,2.1,11
PAL1617,2016-12-01,HUM,2.2,28
PAL1617,2016-12-01,HUM,3,56
PAL1617,2016-12-01,HUM,5,5
PAL1617,2016-12-05,HUM,2.1,11
PAL1617,2016-12-05,HUM,2.2,28
PAL1617,2016-12-05,HUM,3,53
PAL1617,2016-12-05,HUM,5,3
PAL1617,2016-12-09,HUM,2.1,11
PAL1617,2016-12-09,HUM,2.2,25
PAL1617,2016-12-09,HUM,3,5
PAL1617,2016-12-09,HUM,5,47
PAL1617,2016-12-15,HUM,2.1,12
PAL1617,2016-12-15,HUM,2.2,31
PAL1617,2016-12-15,HUM,3,48
PAL1617,2016-12-15,HUM,5,3
PAL1617,2016-12-17,HUM,2.1,14
PAL1617,2016-12-17,HUM,2.2,34
PAL1617,2016-12-17,HUM,3,49
PAL1617,2016-12-17,HUM,5,0
PAL1617,2016-12-22,HUM,2.1,13
PAL1617,2016-12-22,HUM,2.2,21
PAL1617,2016-12-22,HUM,3,61
PAL1617,2016-12-22,HUM,5,0
PAL1617,2016-12-27,HUM,2.1,19
PAL1617,2016-12-27,HUM,2.2,34
PAL1617,2016-12-27,HUM,3,67
PAL1617,2016-12-27,HUM,5,5
PAL1617,2017-01-01,HUM,2.1,17
PAL1617,2017-01-01,HUM,2.2,31
PAL1617,2017-01-01,HUM,3,68
PAL1617,2017-01-01,HUM,5,0
PAL1617,2017-01-06,HUM,2.1,15
PAL1617,2017-01-06,HUM,2.2,36
PAL1617,2017-01-06,HUM,3,61
PAL1617,2017-01-06,HUM,5,2
PAL1617,2017-01-11,HUM,2.1,20
PAL1617,2017-01-11,HUM,2.2,40
PAL1617,2017-01-11,HUM,3,70
PAL1617,2017-01-11,HUM,5,3
PAL1617,2017-01-16,HUM,2.1,16
PAL1617,2017-01-16,HUM,2.2,33
PAL1617,2017-01-16,HUM,3,74
PAL1617,2017-01-16,HUM,5,0
PAL1617,2017-01-22,HUM,2.1,16
PAL1617,2017-01-22,HUM,2.2,34
PAL1617,2017-01-22,HUM,3,59
PAL1617,2017-01-22,HUM,5,0
PAL1617,2017-01-28,HUM,2.1,0
PAL1617,2017-01-28,HUM,2.2,19
PAL1617,2017-01-28,HUM,3,31
PAL1617,2017-01-28,HUM,5,0
PAL1617,2017-02-03,HUM,2.2,4
PAL1617,2017-02-03,HUM,3,4
PAL1617,2017-02-09,HUM,3,3
PAL1718,2017-11-10,HUM,2.1,28
PAL1718,2017-11-10,HUM,2.2,44
PAL1718,2017-11-10,HUM,3,89
PAL1718,2017-11-10,HUM,5,0
PAL1718,2017-11-12,HUM,2.1,30
PAL1718,2017-11-12,HUM,2.2,46
PAL1718,2017-11-12,HUM,3,72
PAL1718,2017-11-12,HUM,5,0
PAL1718,2017-11-14,HUM,2.1,24
PAL1718,2017-11-14,HUM,2.2,39
PAL1718,2017-11-14,HUM,3,84
PAL1718,2017-11-14,HUM,5,0
PAL1718,2017-11-16,HUM,2.1,24
PAL1718,2017-11-16,HUM,2.2,39
PAL1718,2017-11-16,HUM,3,80
PAL1718,2017-11-16,HUM,5,0
PAL1718,2017-11-18,HUM,2.1,20
PAL1718,2017-11-18,HUM,2.2,35
PAL1718,2017-11-18,HUM,3,65
PAL1718,2017-11-18,HUM,5,0
PAL1718,2017-11-20,HUM,2.1,14
PAL1718,2017-11-20,HUM,2.2,26
PAL1718,2017-11-20,HUM,3,56
PAL1718,2017-11-20,HUM,5,0
PAL1718,2017-11-22,HUM,2.1,13
PAL1718,2017-11-22,HUM,2.2,27
PAL1718,2017-11-22,HUM,3,52
PAL1718,2017-11-22,HUM,5,0
PAL1718,2017-11-24,HUM,2.1,13
PAL1718,2017-11-24,HUM,2.2,28
PAL1718,2017-11-24,HUM,3,53
PAL1718,2017-11-24,HUM,5,0
PAL1718,2017-11-28,HUM,2.1,11
PAL1718,2017-11-28,HUM,2.2,26
PAL1718,2017-11-28,HUM,3,48
PAL1718,2017-11-28,HUM,5,0
PAL1718,2017-11-30,HUM,2.1,11
PAL1718,2017-11-30,HUM,2.2,21
PAL1718,2017-11-30,HUM,3,48
PAL1718,2017-11-30,HUM,5,0
PAL1718,2017-12-02,HUM,2.1,10
PAL1718,2017-12-02,HUM,2.2,22
PAL1718,2017-12-02,HUM,3,48
PAL1718,2017-12-02,HUM,5,0
PAL1718,2017-12-04,HUM,2.1,10
PAL1718,2017-12-04,HUM,2.2,19
PAL1718,2017-12-04,HUM,3,43
PAL1718,2017-12-04,HUM,5,0
PAL1718,2017-12-06,HUM,2.1,10
PAL1718,2017-12-06,HUM,2.2,19
PAL1718,2017-12-06,HUM,3,45
PAL1718,2017-12-06,HUM,5,0
PAL1718,2017-12-08,HUM,2.1,10
PAL1718,2017-12-08,HUM,2.2,22
PAL1718,2017-12-08,HUM,3,41
PAL1718,2017-12-08,HUM,5,0
PAL1718,2017-12-12,HUM,2.1,7
PAL1718,2017-12-12,HUM,2.2,32
PAL1718,2017-12-12,HUM,3,52
PAL1718,2017-12-12,HUM,5,0
PAL1718,2017-12-14,HUM,2.1,8
PAL1718,2017-12-14,HUM,2.2,29
PAL1718,2017-12-14,HUM,3,52
PAL1718,2017-12-14,HUM,5,0
PAL1718,2017-12-16,HUM,2.1,6
PAL1718,2017-12-16,HUM,2.2,28
PAL1718,2017-12-16,HUM,3,55
PAL1718,2017-12-16,HUM,5,0
PAL1718,2017-12-18,HUM,2.1,8
PAL1718,2017-12-18,HUM,2.2,23
PAL1718,2017-12-18,HUM,3,47
PAL1718,2017-12-18,HUM,5,0
PAL1718,2017-12-20,HUM,2.1,8
PAL1718,2017-12-20,HUM,2.2,36
PAL1718,2017-12-20,HUM,3,64
PAL1718,2017-12-20,HUM,5,0
PAL1718,2017-12-22,HUM,2.2,30
PAL1718,2017-12-22,HUM,3,60
PAL1718,2017-12-22,HUM,5,0
PAL1718,2017-12-24,HUM,2.1,10
PAL1718,2017-12-24,HUM,2.2,28
PAL1718,2017-12-24,HUM,3,49
PAL1718,2017-12-24,HUM,5,0
PAL1718,2017-12-26,HUM,2.1,8
PAL1718,2017-12-26,HUM,2.2,24
PAL1718,2017-12-26,HUM,3,50
PAL1718,2017-12-26,HUM,5,0
PAL1718,2017-12-29,HUM,2.1,10
PAL1718,2017-12-29,HUM,2.2,27
PAL1718,2017-12-29,HUM,3,60
PAL1718,2017-12-29,HUM,5,0
PAL1718,2018-01-01,HUM,2.1,13
PAL1718,2018-01-01,HUM,2.2,25
PAL1718,2018-01-01,HUM,3,55
PAL1718,2018-01-01,HUM,5,0
PAL1718,2018-01-03,HUM,2.1,10
PAL1718,2018-01-03,HUM,2.2,32
PAL1718,2018-01-03,HUM,3,56
PAL1718,2018-01-03,HUM,5,0
PAL1718,2018-01-05,HUM,2.1,11
PAL1718,2018-01-05,HUM,2.2,29
PAL1718,2018-01-05,HUM,3,44
PAL1718,2018-01-05,HUM,5,0
PAL1718,2018-01-10,HUM,2.1,9
PAL1718,2018-01-10,HUM,2.2,25
PAL1718,2018-01-10,HUM,3,39
PAL1718,2018-01-10,HUM,5,0
PAL1718,2018-01-16,HUM,2.1,9
PAL1718,2018-01-16,HUM,2.2,23
PAL1718,2018-01-16,HUM,3,45
PAL1718,2018-01-16,HUM,5,0
PAL1718,2018-01-22,HUM,2.1,12
PAL1718,2018-01-22,HUM,2.2,28
PAL1718,2018-01-22,HUM,3,36
PAL1718,2018-01-22,HUM,5,0
PAL1718,2018-01-27,HUM,2.1,8
PAL1718,2018-01-27,HUM,2.2,17
PAL1718,2018-01-27,HUM,3,34
PAL1718,2018-01-27,HUM,5,0
PAL1718,2018-02-01,HUM,2.1,4
PAL1718,2018-02-01,HUM,2.2,15
PAL1718,2018-02-01,HUM,3,14
PAL1718,2018-02-01,HUM,5,0
